 ねぇねぇみんな聞いて：,0,0,-16627,アールティー
( ›◡ु‹ ),0,0,-9050,アッカンベー
( ﾟ 3ﾟ)～♪,0,0,-10800,ソシラヌカオ
(`Д´),0,0,-4472,激おこ
(ドン引きだわ),0,0,-9050,ウワァ
(・_・)ノ,0,0,-5878,オイッス
(・ω・)))),0,0,-9050,ウサンポ
(・◞◟​・),0,0,-7408,チョビヒゲ
(人-ω-)｡○○,0,0,-10800,スヤスヤ
(；ω；),0,0,-4472,泣きべそ
(｡ ・ω・))ﾌﾑﾌﾑ,0,0,-16627,ウム
365日後,0,0,-4472,来年
86400秒,0,0,-5878,日がな一日
Boy meets Boy,0,0,-18748,ゲイ
By the way,0,0,-12649,テカサ
Don`t mind,0,0,-12649,ドンマイ
EGG,0,0,-2078,エッグ
It's me.,0,0,-9050,張本人
My sweet.,0,0,-10800,彼女
Myスウィート,0,0,-7408,ステディー
WINDOWS ユーザー,0,0,-16627,ドザ
chimney,0,0,-7408,チムニー
intelligence,0,0,-16627,インテリ
ipadのカバー,0,0,-9050,風呂蓋
non 気,0,0,-4472,ノンケ
there is nothing!!,0,0,-30547,スッカラカン
worldwidewebに投稿,0,0,-23237,ウプ
wがひとつしかない笑い,0,0,-14593,単芝
………,0,0,-2078,ヤリキレナイ
…えーと、思い出せないわ,0,0,-16627,ナントヤラ
☆☆,0,0,-1131,陰部
♡♡,0,0,-1131,顔騎
♡♡♡,0,0,-2078,騎乗位
♡♡♡♡,0,0,-3200,パイパン
♡♡♡♡♡,0,0,-4472,立ちバック
♡♡♡おめでとう♡♡♡,0,0,-14593,オメデトウ
「いいね！」広場,0,0,-9050,フェイスブック
「お先に失礼しまーす☆」,0,0,-16627,ベルサッサ
「ちょっとお借りします」,0,0,-16627,引用
「みんな言ってる」の、みんな,0,0,-20953,ソーシャル
「ウェブ＝人生」というお方,0,0,-18748,ウェブ野郎
「地球にやさしく♪」,0,0,-12649,エコ
「待って！」って言っ,0,0,-12649,引き止め
「趣味＝子育て」なお父さん,0,0,-18748,イクメン
あ、針千本飲ますわよ,0,0,-12649,ウソヤン
あえて,0,0,-2078,ワザト
あざ笑う,0,0,-3200,プギャー
あたった,0,0,-3200,ハズレタ
あっちに行ったりこっちに行ったり,0,0,-25600,テンヤワンヤ
あと一日休んでいたい日,0,0,-14593,月曜
あなたがそうおっしゃるのなら,0,0,-20953,ソンジャ
あなたが恋しい,0,0,-7408,淋しい
あなたさま,0,0,-4472,ソナタ
あなたさまの言う通りだわ,0,0,-16627,ソダネ
あなたって誠実なのね,0,0,-12649,真面目か
あなたとわたしの強い関係,0,0,-16627,絆
あなたの♡,0,0,-4472,人心
あなたをずっと待っているの,0,0,-18748,待ちぼうけ
あなたを信じるわ,0,0,-9050,ソーナンダ
あなたを想いすぎて疲れ,0,0,-14593,待ちくたびれ
あなた達みんな,0,0,-7408,人ごみ
あのお方と遠距離,0,0,-9050,流罪
あの方,0,0,-2078,アイツ
あまり合わない,0,0,-7408,柄にもない
あやふや,0,0,-3200,衰弱
あら,0,0,-1131,アチャ
あら、,0,0,-2078,ア、
あらあらまあまあ,0,0,-9050,アイタ
あらま,0,0,-2078,アチャア
あらまっ,0,0,-3200,ゲッ
あらゆる可能性を検討,0,0,-12649,優柔不断
ありあまる元気,0,0,-7408,ガッツ
ありがたいお話,0,0,-7408,屁理屈
ありがたきしあわせ,0,0,-10800,アザマス
ありがたく頂戴いたします,0,0,-16627,イタダキマス
ありがとう♪,0,0,-5878,サンキュー
ありがとう、今日という素晴らしい一日よ。,0,0,-32000,オヤスミ
ありがとうございます,0,0,-12649,スミマセン
ありがとぉ♡,0,0,-5878,アザッス
ありがとっ♪,0,0,-5878,アザス
ありつく,0,0,-3200,ゲッチュー
ありのままの私を愛してほしい,0,0,-20953,嫌われたくない
ありのままの踊り子,0,0,-10800,ストリッパー
あると思うの,0,0,-5878,無きにしもあらず
あるの？（私でよければ話して。）,0,0,-25600,アンノ？
あるんだからね,0,0,-7408,アンダヨ
ある意味、大物,0,0,-7408,雑魚
ある意味、天才,0,0,-7408,頭おかし
ある意味、芸術品,0,0,-9050,下手物
ある意味タイムカプセル,0,0,-14593,遺産
あれ、ヤダ、感動の涙が、止まんない…,0,0,-30547,イイハナシダナー
あれはあれ、これはこれ,0,0,-14593,差別
あれもこれもみんな,0,0,-10800,軒並み
あんっ　もおっ,0,0,-7408,アーモウ
あんまりおいしくないご飯,0,0,-16627,冷や飯
あんまりよろしくない,0,0,-12649,ヒデエ
あんまり知られていない,0,0,-14593,マイナー
あんまり納得できない,0,0,-12649,腑に落ちない
あんまり良くない,0,0,-9050,ズイマー
あ𰚃分で,0,0,-4472,イーカゲン
あ𰚅分で,0,0,-4472,イイカゲン
いいこと？つまり、,0,0,-10800,スナワチ
いい旦那さんになる方,0,0,-12649,弁当男子
いけないわ,0,0,-4472,ラメェ
いさぎよく決断,0,0,-7408,即決
いただきます,0,0,-5878,生かじり
いちごちゃん,0,0,-5878,苺
いちごジュース,0,0,-7408,ラムネ
いちばん偉い方,0,0,-7408,院長
いちもくさん,0,0,-5878,スライディング
いっしょけんめい,0,0,-9050,ヒョコヒョコ
いっそ奇跡だわ,0,0,-7408,アリエネー
いっぱい,0,0,-3200,盛りの
いつか大きく咲く花,0,0,-10800,悩みの種
いつものメンバー,0,0,-9050,イツメン
いつも一緒にいたい,0,0,-10800,オキニイリ
いま、乗り越えるべき試練,0,0,-16627,鬼畜
いらっしゃらない,0,0,-9050,イナイ
いるだけで意味がある,0,0,-12649,糞の役にも立たない
いろんなことに好奇心旺盛,0,0,-16627,飽きっぽ
いろんなことを知りすぎた,0,0,-16627,スレッカラシ
うきうき,0,0,-3200,ワナワナ
うさぎがかけまわる野山,0,0,-14593,田舎
うじょ,0,0,-2078,ウゼ
うそおっしゃい,0,0,-7408,ザケンナ
うっすらと,0,0,-4472,ナマジッカ
うにゃむにゃ,0,0,-5878,ウヤムヤ
うふふ,0,0,-2078,チェッ
うふふ♡ゆるしてあげるわ,0,0,-16627,激おこぷんぷん丸
うふふふ,0,0,-3200,ザマアミロ
うふふふ♡ゆるしてあげるわ,0,0,-18748,ゲキオコプンプンマル
うふん,0,0,-2078,ヒョエ
うらやましい,0,0,-5878,ズルイ
うるうる,0,0,-3200,ピチャピチャ
うれしい,0,0,-3200,哀しい
うろたえるほど美しい人,0,0,-14593,ベッピン
え？聞こえなかったわ？,0,0,-14593,ナニイウトル
おあずけ,0,0,-3200,依存
おいしいハンバーガー屋さん,0,0,-18748,マクド
おいでませ,0,0,-4472,ウェルカム
おうちでゴロゴロ,0,0,-9050,帰宅
おうちに呼んだばっかり,0,0,-14593,オニュー
おうちに帰りたい…,0,0,-10800,アウェー
おうち帰りたい感,0,0,-9050,悲壮感
おうどんがおいしい場所,0,0,-14593,香川
おうひとつのお家,0,0,-9050,別荘
おおきい動物,0,0,-5878,畜類
おおきめの深呼吸,0,0,-9050,アクビ
おおらか,0,0,-3200,偏屈
おおらかなビジネス,0,0,-10800,丼勘定
おきゃんな,0,0,-4472,ハスッパナ
おくちが香り高い,0,0,-9050,口臭い
おくちが魔法使い,0,0,-9050,口がうまい
おしおきする,0,0,-5878,トッチメル
おしとやか,0,0,-4472,地味
おしまい、おしまい♪,0,0,-12649,成れの果て
おしゃべり,0,0,-4472,チャット
おしゃべり広場,0,0,-7408,ツイッター
おしゃれに再生,0,0,-7408,リノベーション
おしゃれヘア,0,0,-5878,茶髪
おしゃれワンランクアップ,0,0,-16627,サシイロ
おしゃれ健康乙女,0,0,-9050,山ガール
おじさま,0,0,-3200,達磨
おじゃん,0,0,-3200,パア
おすまし,0,0,-3200,気どり
おすもう,0,0,-3200,相撲
おちゃのこサイサイ,0,0,-10800,チョロイ
おちゃめさん,0,0,-5878,ドジ
おっしゃる,0,0,-4472,ノタマウ
おっしゃるとおりだわ,0,0,-12649,御意
おっちょこちょいが過ぎ,0,0,-14593,ズッコケ
おっとり屋さん,0,0,-7408,ルーズ
おつかれさま。その頑張りに敬意を示すわ。,0,0,-32000,オツ
おつかれさまタイム,0,0,-10800,労働
おてんばさん,0,0,-5878,ジャジャ馬
おてんばさん♪,0,0,-7408,尻軽女
おなかがざわざわする,0,0,-12649,腹立つ
おねんねしたい,0,0,-7408,ウットーシー
おはよう！空、鳥、そして愛するあなた,0,0,-30547,オハヨウ
おほほっほ,0,0,-4472,ルンタッタ
おままごとごっこ,0,0,-9050,馴れ合い
おまわりさん,0,0,-5878,マッポ
おもしろい,0,0,-4472,クダラナイ
おもしろいわ,0,0,-5878,オモロイ
おやおや,0,0,-3200,ナニヤラ
おやすみ,0,0,-3200,クッソ
おやすみタイム,0,0,-7408,会議
おんぶに抱っこ,0,0,-7408,丸投げ
おイタをする,0,0,-5878,有害
おセンチ,0,0,-3200,憂鬱
おタコさん,0,0,-4472,タコ
おトマト,0,0,-3200,トマト
おハコ,0,0,-2078,ヒトツオボエ
おモテになる方,0,0,-7408,チャラ男
お主,0,0,-1131,貴様
お久しぶり,0,0,-4472,久方ぶり
お仕置き,0,0,-3200,ペナルティー
お代はキモチ,0,0,-5878,ノーギャラ
お伝えする,0,0,-4472,バラス
お出かけ,0,0,-3200,外回り
お力添え,0,0,-3200,助太刀
お化粧が念入りな,0,0,-9050,ケバイ
お友達,0,0,-2078,非国民
お口からお水がでちゃう,0,0,-14593,ソソル
お口がふさがらない,0,0,-10800,二の句が継げない
お口が幸せに包まれる,0,0,-12649,ウマイ
お口が梅干しになる,0,0,-10800,スッパイ
お口の下の力持ち,0,0,-9050,顎
お口閉じてほし,0,0,-7408,ウッセ
お味噌汁,0,0,-3200,ローション
お城みたいなおうち,0,0,-10800,億ション
お姉さん,0,0,-3200,アラサー
お姉様,0,0,-2078,姐さん
お姫さま,0,0,-3200,スイーツ（笑）
お姫様のお弁当,0,0,-7408,デコ弁
お姫様の電話,0,0,-5878,デコ電
お姫様扱い,0,0,-4472,チヤホヤ
お子様,0,0,-2078,ガキ
お客様,0,0,-2078,ユーザー
お家にお招き,0,0,-5878,落札
お家にかえる,0,0,-5878,匙を投げる
お家に帰りたい,0,0,-7408,居心地が悪い
お家に直帰したい,0,0,-9050,行きたくない
お家帰りたい,0,0,-5878,居心地悪い
お寝坊で遅刻,0,0,-5878,寝刻
お届け,0,0,-2078,送還
お巡りさんから「メッ！」,0,0,-16627,駐禁
お巡りさんのお世話になる人,0,0,-18748,盗人
お年を召す,0,0,-4472,焼きが回る
お役にたつ情報,0,0,-7408,インフォメーション
お戻しになる,0,0,-5878,リバル
お手上げ,0,0,-3200,辟易
お手洗い,0,0,-3200,便器
お手頃でかわいい,0,0,-9050,プリプラ
お揃い、うれしいわ,0,0,-10800,真似すんな
お早い行動,0,0,-4472,ヌケガケ
お星様,0,0,-2078,何様
お昼寝,0,0,-2078,油断
お昼寝から目覚めれば,0,0,-12649,ソノウチ
お時間ある方,0,0,-5878,暇人
お月様,0,0,-2078,光り物
お母さんになるお方,0,0,-10800,マタニティ
お母さんに見せられない写真,0,0,-18748,チュープリ
お母さんの後ろに隠れたい状況,0,0,-20953,アウェイ
お母さん想い,0,0,-5878,マザコン
お母様,0,0,-2078,ママ
お気に入り,0,0,-4472,採用
お気のどくさま,0,0,-7408,アイニク
お水,0,0,-1131,水分
お洒落,0,0,-2078,イカレテル
お洒落な天井の照明器具,0,0,-14593,シャンデリア
お父さんありがとうの日,0,0,-14593,父の日
お父様,0,0,-2078,父上
お父様の方角に謝る行為,0,0,-14593,朝帰り
お皿の上の森林,0,0,-7408,サラダ
お眠りになって,0,0,-7408,引っ込んでろ
お祭,0,0,-1131,フェス
お祭り,0,0,-2078,インフレ
お祭りお店,0,0,-4472,露店
お紅茶の国,0,0,-4472,イギリス
お納めください,0,0,-7408,納品
お肉食べたい,0,0,-5878,憎たらしい
お胸こんにちは,0,0,-7408,パイスラッシュ
お胸の実力,0,0,-4472,ノーブラ
お腹いっぱいのお顔,0,0,-10800,ソース顔
お膝の坊ちゃん,0,0,-7408,膝小僧
お花,0,0,-1131,反吐
お花畑,0,0,-2078,頭がパー
お花畑なお話,0,0,-5878,自慢
お花畑の頭,0,0,-4472,スイーツ脳
お茶を飲みたい気分,0,0,-10800,乱心
お茶を飲みながら、あなたとじっくり語りあう,0,0,-32000,オチャスル
お見くびりになる,0,0,-9050,高を括る
お話が上手,0,0,-4472,能弁
お話しにならない,0,0,-9050,崩れ
お話しましょう,0,0,-7408,顔貸せ
お話にならない方,0,0,-9050,アンポンタン
お話になりません,0,0,-9050,論外
お誘い,0,0,-2078,誘惑
お誘いする,0,0,-4472,ソソノカス
お財布要らず,0,0,-5878,タダ
お返事の遅延,0,0,-5878,亀レス
お遊びなし,0,0,-4472,率直
お配りし,0,0,-3200,撒き散らし
お酒が恋人の人,0,0,-7408,飲んべえ
お酒のともだち,0,0,-7408,エイヒレ
お酒の力で仲良く,0,0,-9050,飲みにケーション
お金がお酒に溺死,0,0,-9050,飲み倒し
お金が出てくる魔法の箱,0,0,-14593,エーティーエム
お金のお家,0,0,-4472,財布
お金より大切な時間がある,0,0,-16627,ヒマ
お鍋の王様,0,0,-4472,鍋奉行
お顔,0,0,-1131,顔面
お願いだから生きてっ！,0,0,-14593,死んじまえ
お風呂からお帰り,0,0,-9050,ホカエリ
お風呂からお帰りと行ってくれてありがとう,0,0,-32000,ホカアリ
お風呂に行ってらっしゃい,0,0,-16627,ホカテラ
お風呂に１日５回は入りたい,0,0,-18748,潔癖
お風呂ワンダーランド,0,0,-12649,スーパー銭湯
お食事抜きプラン,0,0,-9050,素泊まり
お魚になる,0,0,-4472,スイミング
かけがえのない時間,0,0,-10800,デート
かたじけない,0,0,-5878,サーセン
かたじけない…,0,0,-7408,スマヌ
かっこいい,0,0,-4472,無様
かっこいいお方,0,0,-7408,ガンブー
かっこいい声,0,0,-5878,イケボ
かっこよくしちゃって,0,0,-12649,スカシヤガッテ
かまってほしい,0,0,-7408,カマチョ
かりそめの停車,0,0,-7408,路駐
かわいいお方♡,0,0,-7408,何ヤツ
かわいいケンカ,0,0,-7408,イザコザ
かわいいドジっこ♡,0,0,-10800,オッチョコチョイ
かわいい冷たい箱,0,0,-9050,冷蔵庫
かわいい小動物,0,0,-7408,ネズミ
かわいい死体,0,0,-5878,ミイラ
かわいい突起,0,0,-5878,ジンマシン
かわいがる,0,0,-4472,袋だたきにする
かわいそう,0,0,-4472,カワイソス
かわいらしい,0,0,-5878,小癪な
かわいらしいおじいさま,0,0,-14593,舅
かわいらしいおばあさま,0,0,-14593,姑
かわいらしい男の子,0,0,-10800,少年
かわい子ちゃん,0,0,-7408,チンチクリン
がっちゃんこ,0,0,-5878,合体
がんばったから、肩もんであげる,0,0,-23237,オツカレサマ
がんばり屋さん,0,0,-7408,怠け者
がんばる,0,0,-3200,ガンボル
きっとあなたが思っている感じ,0,0,-20953,ソンクライ
きっとするでしょう,0,0,-10800,シカネナイ
きっと何か理由がある人,0,0,-14593,裏切り者
きつねちゃん,0,0,-5878,陰毛
きゃ,0,0,-1131,ヒィィ
きゃ&#xff5eyummy;そうだわ～,0,0,-32000,ウマソウ
きゃあ,0,0,-2078,ヒャア
きゃっ,0,0,-2078,ウオー
きゃはきゃは♡,0,0,-7408,ゲラゲラ
きゃはっ,0,0,-3200,ウヒャ
きゃはは,0,0,-3200,ウケル
きゃー,0,0,-2078,ウオーイ
きゃーっ,0,0,-3200,ウェーイ
きゅん♡,0,0,-3200,萌え
きーめた♪,0,0,-4472,ロックオン
くまちゃん,0,0,-4472,陰茎
ぐるぐる,0,0,-3200,サイクル
ここから巻き返せる状態,0,0,-14593,中途半端
ここだけのひ・み・つ♡,0,0,-14593,内密
ここではないどこか,0,0,-10800,海外
ここではないどこかへいくこと,0,0,-20953,旅行
ここではないどこかへの扉,0,0,-16627,駅
ここでは言い切れないいろいろ,0,0,-20953,モロモロ
ここにいるべき,0,0,-7408,邪魔
こたつで丸くなる生き物,0,0,-14593,猫
こだわり,0,0,-3200,好き嫌い
こだわりが強い,0,0,-7408,頑固
こだわりが強い人,0,0,-9050,ワカラズヤ
こだわる,0,0,-3200,ガタガタイウ
こっからここまで頂戴,0,0,-12649,独り占め
こっから挽回しよ,0,0,-9050,カワイソー
このおかた,0,0,-4472,コイツ
このまま帰せないわ、,0,0,-12649,チョ、
この世の神秘,0,0,-5878,時間
この世を受けいれた笑顔,0,0,-14593,アルカイックスマイル
この天使,0,0,-3200,コノヤロウ
この心と引き換え,0,0,-9050,ソレソウオウ
この手で創作,0,0,-5878,ブッコワ
この街の平和の重鎮,0,0,-10800,オマワリサン
この身を投げ出してもかまわない,0,0,-23237,愛してる
こまやかに,0,0,-4472,チョコマカ
これからの時代の武器,0,0,-12649,英語
これこれ,0,0,-3200,コラ
これで間違いないやつ,0,0,-12649,スタンダード
これは夢だと信じたい,0,0,-12649,信じらんない
こんにちは,0,0,-4472,ヘロー
こんにちは！,0,0,-5878,チャオ
こんにちは！お元気？,0,0,-12649,ヌーン
ごきげんうるわしゅう,0,0,-12649,ヒャッホー
ごめんなさい,0,0,-5878,着拒
ごゆるりゆるり,0,0,-7408,ノホホン
ご丁寧に,0,0,-3200,長々と
ご指名,0,0,-2078,ムチャブリ
ご機嫌いかが？,0,0,-7408,ヒャッハー
ご清聴,0,0,-2078,盗み聞き
ご自愛ください,0,0,-7408,死んでくれ
ご自愛くださいま,0,0,-9050,頭冷や
ご褒美,0,0,-2078,ロイヤリティ
ご身分,0,0,-2078,分際
ご飯,0,0,-1131,月給
ご飯の放浪者,0,0,-5878,ランチ難民
さあ、はじまりの場所,0,0,-12649,スタートライン
さあ、みんな！あつまって！,0,0,-18748,サーテ
さえずる,0,0,-3200,ドヤス
ささやかオススメ,0,0,-9050,ゴリオシ
さすがの私もハジけちゃうわ☆,0,0,-20953,アゲポヨ
さすが！！,0,0,-4472,ヌカリナイ
さっぱりとした,0,0,-7408,ビジネスライク
さまのようなおかたが,0,0,-12649,ゴトキガ
さようなら,0,0,-4472,抹消
さようなら…,0,0,-5878,サラバ
さよならの挨拶,0,0,-7408,手切れ金
さらに飛躍のための息抜き,0,0,-16627,サボタージュ
しくじった,0,0,-4472,シクッタ
しっかりした二人の結婚,0,0,-14593,別居婚
しっかりした骨格がある,0,0,-14593,エラガハッテイル
しっかりしている,0,0,-9050,不甲斐ない
しっかり自分のものに,0,0,-12649,咀嚼
しっとり,0,0,-3200,ムッツリ
しなやかな肢体,0,0,-7408,ヒョロヒョロ
しなやかに,0,0,-4472,ナヨナヨ
しまう,0,0,-2078,隠す
しましま,0,0,-3200,ストライプ
しゅぼーん☆,0,0,-5878,撃沈
しゅわしゅわ,0,0,-5878,ズンズン
しょんぼりしながら,0,0,-10800,スゴスゴ
じっと一点に精神を集めること,0,0,-20953,集中
じょじょじょ♪,0,0,-7408,尿
じょろじょろ人から出る液体,0,0,-18748,小便
すぐに仲良しになる,0,0,-10800,人懐っこい
すこしはげしい,0,0,-7408,ドギツイ
すこし変わっているご様子,0,0,-16627,異常
すこし気を落とす,0,0,-9050,ガッカリ
すこし頬がピクピクしてしまう,0,0,-20953,イラツク
すごいわ,0,0,-3200,ゴイスー
すごぉい♪,0,0,-4472,ヤバーイ
すごく,0,0,-2078,モロ
すさまじい激しさ,0,0,-9050,勢い
すさまじい規模の,0,0,-9050,途方もない
すっごくすっごく,0,0,-9050,ズバヌケテ
すっごく楽しくなる,0,0,-10800,狂ってる
すれ違い、それが恋,0,0,-10800,スレチガイ
ずいぶんと寒いの,0,0,-9050,サミー
ずっと一緒ごっこ,0,0,-9050,ラブラブ
ずっと一緒にいたいと願う,0,0,-16627,名残惜しい
ずっと心に置いてしまう,0,0,-14593,ヒキズル
ぜいたく,0,0,-3200,無い物ねだり
そう、もっと壊れるほどに強く,0,0,-20953,ギュット
そうだわねぇ…,0,0,-7408,ウーン
そうなのですね,0,0,-7408,ソッカ
そうならざるを得ない運命,0,0,-16627,宿命
そちらがその気なら,0,0,-10800,ソンナラ
そっとおとなしくしている,0,0,-16627,忍ぶ
そっと押してもいいかしら,0,0,-16627,ドツイタロカ
そのお方,0,0,-3200,ソイツ
そのとおりだわ,0,0,-7408,左様
そのままそっくり,0,0,-9050,モロニ
そのような,0,0,-4472,ソゲン
そのような感じで,0,0,-9050,ソンデ
その場から離れたい,0,0,-10800,生臭い
その場を盛り上げる,0,0,-10800,冷やかす
その道のプロ,0,0,-5878,テクニシャン
そよそよな風,0,0,-5878,ソヨカゼ
それでも明日があるよね,0,0,-14593,ナンダカナア
それに加えて,0,0,-5878,ソンデモッテ
それはそれ,0,0,-4472,別問題
それはそれは静かに,0,0,-10800,ヌルット
それほどに,0,0,-4472,ソンダケ
それもまた一周すれば常識,0,0,-16627,非常識
そろそろお家に帰る時,0,0,-12649,年貢の納め時
そろそろお帰りなさい,0,0,-12649,カエレ
そんなこともある,0,0,-9050,ショウガナイ
たいそう,0,0,-3200,ドエライ
たいそうおしゃべりな,0,0,-12649,口から生まれた
たいそうにぎやかな,0,0,-10800,ケタタマシイ
たいそう可愛らしい,0,0,-10800,キャワ
たいそう困惑する,0,0,-9050,途方に暮れる
たいそう賑やか,0,0,-7408,騒々しい
たいそう賑やかー,0,0,-9050,ウルセー
たくさんお喋りする,0,0,-10800,ホザク
たくさんつぶやく方,0,0,-10800,ツイッタラー
たくさんぬりぬり,0,0,-9050,塗りたくって
たくさんのリクエスト,0,0,-12649,ツベコベ
たくさんの諭吉さん,0,0,-10800,札束
たくさん食べる元気者,0,0,-12649,穀つぶし
たくましいお身体,0,0,-9050,マッチョ
たった今、いらっしゃった,0,0,-16627,今北産業
たっぷりした準備,0,0,-9050,手ぐすね
たびたび頻繁に,0,0,-7408,チョクチョク
ため息でちゃう,0,0,-7408,ゲッソリ
ちいさなおかた,0,0,-7408,コワッパ
ちっちゃくする,0,0,-7408,スボメル
ちっとも,0,0,-3200,ビクトモ
ちゃんと説明してほしいね,0,0,-16627,分かんねー
ちょうどいい状態,0,0,-9050,イイカゲン
ちょうどよい,0,0,-5878,不都合
ちょっとぉ,0,0,-4472,ウォイ
ちょっとご乱心する,0,0,-10800,タヒル
ちょっとしたミス,0,0,-9050,手落ち
ちょっとすみません,0,0,-10800,失敬
ちょっとだけオープン,0,0,-12649,チラリズム
ちょっとだけ休憩,0,0,-9050,中だるみ
ちょっとど忘れ,0,0,-7408,耄碌
ちょっとびっくり,0,0,-9050,卑怯
ちょっとよく分からなく,0,0,-14593,歪んで
ちょっと一服する,0,0,-9050,サボル
ちょっと低い点,0,0,-7408,遜色
ちょっと元気がでない,0,0,-12649,シンドイ
ちょっと失敗しちゃった,0,0,-14593,スベッタ
ちょっと失礼,0,0,-5878,抜け出し
ちょっと拝借,0,0,-5878,ピンハネ
ちょっと複雑な,0,0,-7408,マドロッコシイ
ちょっと貧弱が過ぎる,0,0,-12649,ヘボスギ
ちょっと違った,0,0,-7408,歪んだ
ちょっと難しいわねって顔,0,0,-16627,軟弱
ちょっぴりお話が長いかた,0,0,-16627,校長先生
ちょっぴりけちくさい,0,0,-12649,世知辛い
ちょっぴりずうずうしい,0,0,-14593,イケシャアシャア
ちょっぴりずるい♪,0,0,-10800,風上におけない
ちょっぴりのんびり屋さん,0,0,-16627,ボケ
ちょっぴりぼんやり屋さん,0,0,-16627,朴念仁
ちょっぴりミス,0,0,-7408,ポカ
ちょっぴり休んでいる,0,0,-12649,フテクサレル
つ…ついに始まってしまう,0,0,-16627,オッパジマル
つかの間のファンタジー,0,0,-14593,芝居
つぶやきをお気に入り登録する,0,0,-20953,ファボル
つぶやき飲み会,0,0,-7408,ツイ飲み
つまらないルールにとらわれない,0,0,-23237,ケイワイ
つよい気持ち,0,0,-5878,強情
つ・ま・り…,0,0,-5878,ズバリ
てきぱき,0,0,-3200,スピーディー
てね♡,0,0,-2078,ヤガレ
てへっ,0,0,-2078,ウッヒョ
てへへ☆,0,0,-3200,ナンツッテ
てへへっ,0,0,-3200,ウッハ
てるてる坊主に祈る天気,0,0,-14593,雨
てんてこまいまい,0,0,-9050,テンテコマイ
てんやのわんや,0,0,-7408,騒動
でも、負けない！がんばる！,0,0,-18748,オルズ
というよりかはね,0,0,-9050,チューカ
とっさにストップ,0,0,-9050,急ブレーキ
とっても,0,0,-3200,メチャ
とってもいいわね,0,0,-9050,ナニヨリ
とってもいい感じ,0,0,-9050,イカス
とってもすてき,0,0,-7408,ドチクショウ
とってもイェーイ,0,0,-9050,ウェイ
とってもステキ,0,0,-7408,スマート
とってもハッピー,0,0,-9050,不幸せ
とってもビクトリー,0,0,-10800,大勝利
とってもマイペース,0,0,-10800,エゴ
とっても人気♡,0,0,-7408,モテモテ
とっても分かりやすい様子,0,0,-16627,露骨
とっても同意,0,0,-5878,禿同
とっても売れっ子,0,0,-9050,引っ張りだこ
とっても大事なキモチ,0,0,-12649,マインド
とっても大胆,0,0,-5878,デカデカ
とっても頭がいい,0,0,-9050,ドアホ
とてつもなくいい気分,0,0,-12649,快感
とてつもなく怪しい,0,0,-10800,イカガワシイ
とてもかわいい,0,0,-7408,グウカワ
とてもかわいいわ♪,0,0,-10800,カワウィ〜ネ〜！
とてもたのしい人,0,0,-9050,イカレポンチ
とてもユニーク,0,0,-7408,常軌を逸する
とても楽しい,0,0,-5878,辛気くさい
とまどうこゝろ,0,0,-7408,サシツカエ
とりあえず、まあ,0,0,-9050,トリマ
とりあえず全部,0,0,-7408,見境なく
とんがる,0,0,-3200,グレル
とんだお門違い,0,0,-7408,スットンキョウ
とんでもございません,0,0,-12649,滅相もない
とーーーっても黄みどり色の甘い果実,0,0,-28037,メッチャ
と言ったら！,0,0,-5878,ヲヤ
どういうことなのかしら？,0,0,-16627,ドユコト！？
どうしてなのかしら,0,0,-10800,ナンデヤネン
どうしてなの？,0,0,-7408,ナニトテ
どうぶつのもり,0,0,-7408,ドウモリ
どう考えても,0,0,-5878,スコブル
どこかしらケガをしている男性,0,0,-20953,負傷系男子
どこがどうって訳じゃないんだけど,0,0,-25600,ソコハカトナク
どっちつかずな,0,0,-7408,生半可
どなたがうまいこと言えとおっしゃった,0,0,-30547,ダレウマ
どのようなお顔をなさって,0,0,-16627,ドノツラサゲテ
どんぐりさん達の戦い,0,0,-12649,チキンレース
どんどん暴走,0,0,-5878,エスコート
どんなお考えですか、お金を側溝に捨てる気？,0,0,-32000,ドンハンキンドブ
どんなことだって意味がある,0,0,-18748,意味ね
どんなものにも意味はある,0,0,-16627,意味がない
どん欲な,0,0,-3200,ガメツイ
なぜかお金が出てくるお店,0,0,-16627,サラ金
なぜか追加されるお金,0,0,-12649,サーチャージ
なに,0,0,-1131,ヘッタクレ
なにかと奪う人,0,0,-7408,泥棒
なにか聞こえた気がした,0,0,-14593,空耳
なのに,0,0,-2078,ダテラ
なりすまし出席,0,0,-7408,代返
なるほど,0,0,-3200,ナルヘソ
なるほど、なるほど,0,0,-10800,ソカソカ
なんたる有様,0,0,-5878,体たらく
なんで分かったのか不思議,0,0,-16627,図星
なんとか頑張って,0,0,-9050,ムリクリ
なんとなく,0,0,-4472,惰性
なんとなくのお友達,0,0,-10800,フォロワー
にぎやか,0,0,-3200,ヤカマシイ
にぎやかなご様子,0,0,-9050,ウルサイ
にこにこ,0,0,-3200,ヘラヘラ
にょきにょき♪,0,0,-7408,筍
にわかに信じがたいくらい,0,0,-16627,ベラボウニ
にんまり,0,0,-3200,ゲンナリ
ぬいぐるみみたいな動物,0,0,-14593,熊
ねぇねぇ,0,0,-3200,ナアナア
ねえねえ,0,0,-3200,ヲイヲイ
ねこカフェで行う婚活,0,0,-12649,ネコンカツ
ね～え,0,0,-2078,オイ
の、ところよ,0,0,-5878,ナウ
のびしろがある大学,0,0,-10800,駅弁大学
のほほんとお茶のみ,0,0,-10800,平和ボケ
のような,0,0,-3200,マガイ
のる&#xff1for; そる？,0,0,-25600,ノルカソルカ
のんびり,0,0,-3200,トロイ
のんびりやさん,0,0,-7408,ボンクラ
のんびり屋さん,0,0,-7408,トンマ
のんびり屋さん♪,0,0,-9050,愚図
の予定だわ,0,0,-4472,ウィル
はあい,0,0,-2078,ウィッス
はいっ,0,0,-2078,ウィ
はい！,0,0,-2078,ヘイ！
はくしょん♡,0,0,-5878,ヘクション
ぱっちりおめめ,0,0,-7408,デカメ
ひ、み、つ♡,0,0,-5878,モザイク
ひっくり返せば頂点,0,0,-10800,底辺
ひっそりと見えない所へいく,0,0,-18748,隠れる
ひとりじゃないわ,0,0,-9050,ロンリー
ひとりでがんばる,0,0,-9050,八方ふさがり
ひとりで生きていける殿方,0,0,-16627,絶食系男子
ひとりぼっちにしちゃって,0,0,-16627,サシオイテ
ひとりイナバウワー,0,0,-10800,ノケゾッタ
ひと思いにされない,0,0,-10800,生殺し
ひどいこと、言うのね,0,0,-12649,ヒド【ー】＋イ
ひょうきん,0,0,-4472,キショイ
ひんや〜り,0,0,-4472,ヒンヤリ
ひ・み・つ,0,0,-4472,秘伝
びっくりするほど普通の方,0,0,-16627,ドエヌ
ぴちぴち,0,0,-3200,ヨボヨボ
ぴったり,0,0,-3200,ベットリ
ぴったりくっつく,0,0,-9050,ベッタリ
ふぅ…,0,0,-2078,ヤレヤレ
ふぅ…あ…っつぅい…,0,0,-12649,アチィ
ふくよかな人,0,0,-5878,フトッチョ
ふむふむです,0,0,-5878,ソーナンデス
ふりだしに戻る,0,0,-7408,総崩れ
ふわふわ,0,0,-3200,死体
ふんぞり返り,0,0,-5878,威圧
ぷにぷにく,0,0,-4472,贅肉
ぷりぷりおこっちゃうぞな出来事,0,0,-23237,名誉毀損
ぷんすかぷんぷんしちゃう☆,0,0,-18748,キレル
へっちゃら,0,0,-4472,屁のカッパ
ほっこり,0,0,-3200,ヌクヌク
ほっとけない性分,0,0,-9050,人騒がせ
ほっぺに咲く薔薇,0,0,-9050,チーク
ほら、,0,0,-2078,ソーヤッテ
ほんのちょっと,0,0,-7408,チョイト
ほんもの,0,0,-3200,イミテーション
ほんわか,0,0,-3200,チンタラ
まぁまぁ、お茶でも,0,0,-10800,ナンボ
まあ,0,0,-1131,オオ
まことに,0,0,-3200,マヂ
まじめな会社員,0,0,-7408,ヒラリーマン
まぜまぜする,0,0,-5878,引っ掻き回す
また、やり直せる人,0,0,-10800,腐れ外道
また会いましょうと約束,0,0,-14593,泣き別れ
まだうまくお話しできない,0,0,-16627,馴染みづらい
まだここからやり直せる,0,0,-14593,手遅れ
まだまだこれから行く,0,0,-12649,伸び悩む
まっすぐと下へ,0,0,-7408,マッサカサマ
まとめる能力がある人,0,0,-12649,アフィカス
まばゆく発色,0,0,-5878,テカテカ
まぶたの裏側,0,0,-5878,闇
まるで夢のような,0,0,-9050,雲を掴むような
まるまるっと,0,0,-5878,ズングリ
みずみずしい果実の飲み物,0,0,-16627,ジュース
みずみずしい物体,0,0,-9050,液体
みんな、注目だよ♡,0,0,-10800,拡散希望
みんなお友達,0,0,-5878,ロンリネス
みんなで公園に集合,0,0,-10800,オフ会
みんなとおしゃべりする所,0,0,-16627,ソーシャルネットワーク
みんなにおなじみ,0,0,-9050,俗称
みんなにお知らせ,0,0,-9050,流布
みんなに支えられがち,0,0,-12649,ヘナチョコ
みんなハッピー,0,0,-7408,誰得
むしろ、奇跡がおきたわ,0,0,-14593,アリエンティー
むずむずする♪,0,0,-7408,カユイ
めじるし,0,0,-3200,烙印
もうっ知らないっ,0,0,-9050,チキショー
もうっ！ハッキリしない,0,0,-14593,キナクサイ
もうっ（私、怒ってるのよ）,0,0,-18748,プンスカ
もうひとつのお仕事,0,0,-10800,内職
もうひとつの隠しお腹,0,0,-12649,別腹
もう一人の私のいたずら,0,0,-14593,ケアレスミス
もう一人の私の気持ち,0,0,-12649,出来心
もう一回、考え直して,0,0,-12649,ソンナァ
もう少しで完璧,0,0,-7408,生ぬるい
もしもし先輩,0,0,-5878,オービーホウモン
もちろんですわ,0,0,-7408,モチ
もっとおしゃれになれる,0,0,-14593,野暮
もっと前にすすめ！,0,0,-10800,出しゃばるな
もっと面白いこと言って,0,0,-14593,笑わせるな
もっふもふもふ,0,0,-7408,ケムクジャラ
ものを見る目が欠けてる,0,0,-14593,見境ない
もはや愛おしい,0,0,-7408,殺気
もはや神々しい,0,0,-7408,ゲスイ
やさしい,0,0,-3200,エゲツナイ
やさしいふくらみ,0,0,-9050,乳房
やさしくする,0,0,-5878,労る
やだやだモード,0,0,-7408,ストライキ
やっちゃいけないこと♡,0,0,-14593,美人局
やってらんない、家に帰りたい,0,0,-20953,オッパッピー
やめて荒らさないでくださいませ,0,0,-23237,ヤメアラ
やりとげる,0,0,-4472,シデカス
やり甲斐を感じる,0,0,-9050,手こずる
やる気に満ちあふれている,0,0,-16627,ダルイ
やれば出来る性格,0,0,-9050,ズボラ
やんちゃ,0,0,-3200,不良
ゆ〜らゆら,0,0,-4472,ユラユラ
ゆっくり,0,0,-3200,ナルハヤ
ゆっくりほっこり,0,0,-9050,ヌラリクラリ
ゆったり、でもしっかりと,0,0,-16627,ユルリト
ゆったりと生きる,0,0,-9050,タガガユルム
ゆとりある,0,0,-4472,有閑
ゆらりゆらりと,0,0,-7408,ユランユラン
ゆりかごから墓場までの素敵な時間,0,0,-25600,一生
ゆるい,0,0,-2078,フシダラ
ゆるやかに過ごすお食事,0,0,-14593,スローフード
ゆるりとお散歩,0,0,-7408,ソゾロアルキ
ゆるりと過ごす人生,0,0,-10800,スローライフ
よくない,0,0,-3200,不埒な
よくもスベらせてくれましたね,0,0,-20953,ヤッテクレタナ
よくやったわね,0,0,-7408,ＧＪ
よく分からない,0,0,-7408,ビミョー
よく注意する,0,0,-5878,目くじらを立てる
よく知りもしないのに嫌悪,0,0,-16627,毛嫌い
よく頑張ったで賞,0,0,-9050,ノーベル賞
らっしゃる,0,0,-4472,ヤガル
るんるんるん,0,0,-5878,コンチクショウ
るんるん気分期間,0,0,-9050,週末
わからずやさん♪,0,0,-9050,唐変木
わからない,0,0,-4472,無粋
わがままって分かってるけど、会いたい,0,0,-30547,会いたい
わくわくして期待している,0,0,-16627,ワクテカ
わくわくクッキング,0,0,-10800,セクロス
わくわくショッピング,0,0,-12649,買い物
わざとないじわる,0,0,-9050,面当て
わざと翻弄する人,0,0,-9050,小悪魔
わざと逃す電車,0,0,-7408,終電
わたくし,0,0,-3200,俺
わたし,0,0,-2078,アタシ
わたし、大好きよ、わたし。,0,0,-18748,ヨウオレ
わたしのお庭,0,0,-5878,銀座
わたしの予想の１００倍の,0,0,-16627,凄まじい
わたしの想像を越える,0,0,-12649,トテツモナイ
わたしの辞書にない,0,0,-10800,筋違い
わたしよわたし詐欺,0,0,-10800,オレオレ詐欺
わたし的にとっても,0,0,-10800,スッゲー
わんぱくな方,0,0,-5878,乱暴者
アイデンティティ,0,0,-9050,手癖
アイドル,0,0,-3200,間男
アイドルを愛する方々,0,0,-12649,ドルオタ
アイドルスケート,0,0,-9050,ローラースケート
アイドルファン（スナイパー）,0,0,-20953,野鳥の会
アイラブユー,0,0,-5878,ファッキュー
アウェイ,0,0,-3200,圏外
アクティブに生きる,0,0,-10800,出歩く
アタフタ,0,0,-3200,狼狽
アダムの,0,0,-3200,禁断の
アチョー,0,0,-3200,カンチョー
アドバイスされた,0,0,-9050,カラカワレタ
アドレナリン放出,0,0,-9050,総立ち
アメリカ合衆国,0,0,-7408,ユーエスエー
アメリカ生まれのワイルドな履き物,0,0,-25600,ジーパン
アララ,0,0,-2078,イタタ
アンコール,0,0,-4472,出戻り
アーティスティックな女性,0,0,-16627,汚ギャル
アートな外見の人,0,0,-9050,ギャル
イエイイエイ！,0,0,-7408,ノコッタ
イキイキしたい！,0,0,-9050,死にたい
イキイキとしてね♪,0,0,-10800,クタバレ
イキイキ活動,0,0,-5878,趣味
イケイケになる,0,0,-7408,ノボセアガル
イッツショウタイム,0,0,-10800,ゲリラ
イングリッシュブレックファストティー,0,0,-30547,粗茶
イントゥー,0,0,-4472,挿入
ウィルスと契約,0,0,-7408,風邪
ウサギさん,0,0,-4472,豚
エイ、エイ、おー！,0,0,-10800,ナニクソ
エンターテイナー,0,0,-9050,二重人格
オアシス,0,0,-3200,軽井沢
オアシスのホテル,0,0,-9050,ビジネスホテル
オシャレ番長帽子,0,0,-9050,中折れハット
オッケー,0,0,-3200,ベター
オトナの事情,0,0,-5878,ソーユーコト
オムライスにハート書く液体,0,0,-18748,ケチャップ
オレンジパスタ,0,0,-7408,ナポリタン
オンラインゲーム,0,0,-9050,ネトゲ
オンリーワンのものにする,0,0,-16627,デコル
オーマイゴッドな,0,0,-9050,致命的
オーマイゴッドネス！,0,0,-12649,残念
カジュアルな靴,0,0,-7408,草履
カブトムシ,0,0,-4472,ゴキブリ
カボチャの馬車,0,0,-7408,ママチャリ
カミナリさま,0,0,-5878,霹靂
カメラごっこ,0,0,-5878,ハメ撮り
カラフルな,0,0,-4472,ケバケバシイ
カリスマ,0,0,-3200,先駆け
カリー,0,0,-2078,カレー
カルーアミルク,0,0,-7408,酒
ガラガラガラ、ペッ,0,0,-10800,ウガイ
ガラスのハートが割れちゃった,0,0,-20953,ヘコンダ
ガールズトーク,0,0,-7408,茶飲み話
キクラゲ科のきのこ,0,0,-10800,キクラゲ
キスしたくなる部分,0,0,-10800,唇
キスする,0,0,-3200,ブットバス
キッス,0,0,-2078,殴打
キモチがすれ違い気味,0,0,-12649,反りが合わない
キャハキャハ,0,0,-5878,ヒイヒイ
キャピ♡キャピ,0,0,-7408,キャピキャピ
キャピキャピ,0,0,-5878,チャラチャラ
キュンキュン,0,0,-5878,ムラムラ
キュートボーイ,0,0,-7408,オネエ
キラキラ,0,0,-3200,チャキチャキ
キラキラした世界,0,0,-9050,俗世
キラキラしている人たち,0,0,-14593,一年生
キラキラしている方,0,0,-10800,ブルジョワジー
キラキラのトラック,0,0,-10800,デコトラ
キラキラ女子,0,0,-5878,オーエルサン
キラキラ素人モデル,0,0,-10800,読モ
キリンさん,0,0,-4472,草食系
キレのあるテンポで,0,0,-10800,スカサズ
キレ者,0,0,-2078,フツツカモノ
キングサイズベッド,0,0,-10800,ソファ
ギャル、そして、母,0,0,-10800,ママギャル
ギュッと抱きしめたい,0,0,-12649,ムカツク
ギュッと抱きしめて,0,0,-10800,来ないで
クネクネと,0,0,-4472,シャシャリ
クラシック愛好家,0,0,-9050,クラオタ
クリエイティブ・ツール,0,0,-14593,筆箱
クリケット,0,0,-4472,サッカー
クリームパスタ,0,0,-7408,チャンポン
クレジットカード,0,0,-9050,クレカ
クレジットカードの使用履歴,0,0,-18748,クレヒス
クール,0,0,-2078,無愛想
クールな対応,0,0,-5878,塩対応
グッドモーニングシャンプー,0,0,-18748,朝シャン
グッバイバイいたい,0,0,-10800,消したい
グル,0,0,-1131,回し者
ケアレスミス,0,0,-5878,粗相
ケガをしている男性,0,0,-10800,痛メン
ゲーム上の彼氏,0,0,-7408,ジーエムカレシ
ゲーム等の違法使用,0,0,-10800,割れ厨
コアラ,0,0,-2078,ゴリラ
コアラさんのご飯,0,0,-9050,ユーカリ
コインランドリー&#x3078GO;,0,0,-30547,生乾き
コスプレする人,0,0,-7408,レイヤー
ゴートゥーヘブン,0,0,-9050,サイケデリック
ゴールテープ,0,0,-5878,限界
サイレント放屁,0,0,-7408,スカシッペ
サイレント歩行,0,0,-7408,抜き足
サッパリしてる,0,0,-7408,ソッケナイ
サブ、と良いつつメジャー,0,0,-16627,サブカル
サブカル女子の持ち物,0,0,-12649,リュック
サブ・パートナー,0,0,-9050,二号
サプライズ,0,0,-4472,ショック
サラサラ,0,0,-3200,ドロドロ
サラダボウル,0,0,-5878,ルツボ
サラリーマン,0,0,-5878,リーマン
サンドイッチ,0,0,-5878,板挟み
サンドイッチ構造,0,0,-9050,ジレンマ
サンドウィッチ,0,0,-7408,サンドイッチ
サービス精神溢れる業者,0,0,-14593,便利屋
ザッツライト,0,0,-5878,当たり前
ザッツライト！,0,0,-7408,ソユコト
シャイ,0,0,-2078,性格が悪い
シングルマザー,0,0,-7408,シンママ
ジェットコースター,0,0,-10800,自慰
ジェントルマン,0,0,-7408,野郎
ジェントルマンの嗜み,0,0,-12649,ゲートボール
ジッと見つめる目,0,0,-9050,ジト目
ジビエ,0,0,-2078,チャーシュー
ジャズの王様,0,0,-5878,サックス
ジャパニーズロコモコ,0,0,-12649,親子丼
ジャンケンで負けること,0,0,-14593,ジャン負け
スイスイ,0,0,-3200,ガツガツ
スカッッッッッと,0,0,-9050,スカット
スキップ,0,0,-3200,ランニング
スクール水着,0,0,-5878,ビキニ
スケルトンマシーン,0,0,-10800,レントゲン
スケートボード,0,0,-7408,スケボー
スズメ,0,0,-2078,カラス
スタイル,0,0,-3200,格好
ストレス発散する,0,0,-9050,買う
ストロベリーショートケーキ,0,0,-18748,ケーキ
スペシャルお気に入り,0,0,-12649,贔屓
スポットライトに照明,0,0,-12649,ノミネート
スマイル営業,0,0,-5878,枕営業
スーパーウルトラハッピー,0,0,-16627,アゲアゲ
スーパークレイジー,0,0,-10800,スゴスギル
セクシーなクチビル,0,0,-10800,タラコクチビル
セクシーな球技,0,0,-7408,ボウリング
セバスチャン,0,0,-5878,側近
セバスチャンにお願い,0,0,-12649,注文
セバスチャンのサービス,0,0,-14593,ルームサービス
センス,0,0,-2078,感覚
ソフトクリームをお食べなさい,0,0,-20953,糞くらえ
ソーワンダホー,0,0,-7408,キモイ
ゾッとする,0,0,-4472,底気味悪い
タピオカミルクカクテル,0,0,-14593,ウーロンハイ
タピオカミルクジュース,0,0,-14593,精液
タピオカミルクティー,0,0,-12649,ウーロン茶
タメになる言葉,0,0,-7408,暴言
タメ口,0,0,-2078,呼びタメ
タライ,0,0,-2078,雷
ダイジェスト,0,0,-5878,走馬灯
ダイニングテーブル,0,0,-10800,チャブダイ
ダイヤモンド,0,0,-5878,ウンコ
ダルマさん,0,0,-4472,七転び八起き
ダーク・ヒーロー,0,0,-9050,悪者
ダーリン,0,0,-3200,濡れ落ち葉
チャンス,0,0,-3200,逆手
チャーミングおでこ,0,0,-10800,デコッパチ
チャーミングなお方,0,0,-10800,アノヤロウ
チャーミング・ラブパワー,0,0,-16627,目力
チュッ♡♡♡,0,0,-5878,チュッ
チューする,0,0,-4472,殴る
チョロリ,0,0,-3200,鼻毛
ツイッター,0,0,-4472,バカ発券器
ツルツルのお顔,0,0,-7408,ノッペラボウ
ツンツンしちゃう,0,0,-9050,拗ねる
テキパキ,0,0,-3200,早漏
テヘペロ,0,0,-3200,ペロペロ
ディスコミュニケーション,0,0,-16627,セクハラ
ディレクション,0,0,-7408,人使い
デジタルお手紙,0,0,-7408,メール
デリケートな部分に触れる,0,0,-16627,癇に障る
デーモンさん,0,0,-5878,悪魔
トキメキ,0,0,-3200,ウンザリ
トキメキとまんない,0,0,-10800,キュン
トップオブザワールド,0,0,-12649,ナンバーワン
ドア閉まります。,0,0,-9050,ダァシエリイェス!!
ドキドキ,0,0,-3200,ムカムカ
ドキドキするね,0,0,-7408,ツマンネ
ドキドキアクティビティ,0,0,-14593,セックス
ドキドキワクワク,0,0,-9050,ガクガクブルブル
ドキドキワクワク時代♪,0,0,-14593,思春期
ドキンドキン,0,0,-5878,ソワソワ
ドジっこテヘペロ,0,0,-9050,ソソッカシイ
ドッキドキする,0,0,-7408,テンパル
ドリーマー,0,0,-4472,デベロッパー
ドリーム,0,0,-3200,幻覚
ドロ団子,0,0,-3200,理屈
ド真中,0,0,-2078,ストライク
ナイショの言葉,0,0,-7408,隠語
ナイスセンス,0,0,-5878,ナンセンス
ナチュラルに生きる人,0,0,-12649,情弱
ナチュラルウェーブ,0,0,-10800,天パ
ナデナデして,0,0,-5878,殺して
ナラタージュ,0,0,-5878,回想
ナーヴァス,0,0,-4472,ナーバス
ニコニコ,0,0,-3200,ツッケンドン
ニュース解説を扱う記者,0,0,-14593,ジャーナリスト
ネオンの森,0,0,-4472,雑踏
ネットでの性転換,0,0,-9050,ネカマ
ネットでの親友,0,0,-7408,ネフレ
ネットで真実を把握,0,0,-10800,ネットデシンジツ
ネバーギブアップ！,0,0,-10800,致命傷
ノスタルジーを感じる,0,0,-12649,ナツイ
ノスタルジーロード,0,0,-10800,横町
ノックアウト♡,0,0,-7408,悩殺
ハイな気分になる,0,0,-9050,狂う
ハイッ,0,0,-2078,押忍
ハイブリッドで磨いた低燃費エンジンで、ガソリン車として燃費ナンバーワンの車,0,0,-32000,パッソ
ハグする,0,0,-3200,殴る
ハッピー,0,0,-3200,有意義
ハッピーになる,0,0,-7408,狂う
ハッピーエンド,0,0,-7408,火消し
ハッピーハッピー♪,0,0,-10800,縁起でもない
ハッピーポジティブ,0,0,-10800,ポジ
ハナシは別,0,0,-4472,別払い
ハンサム,0,0,-3200,カコイイ
ハンザッップ！,0,0,-7408,挙手
ハンドメイド,0,0,-5878,手書き
ハートが盗まれる程ステキ,0,0,-16627,オサレ
ハートに小傷がつく,0,0,-10800,ヘコム
ハートを磨いてる,0,0,-9050,モテル
バイザウェイ,0,0,-5878,サテサテ
バイバイ,0,0,-3200,疎外
バイバイする,0,0,-5878,葬る
バイバイっ,0,0,-4472,ドロン
バスが好きな人,0,0,-7408,バススキー
バタフライしたい場所,0,0,-12649,インド
バラバラ♪,0,0,-4472,木っ端微塵
バリアが効く,0,0,-5878,治外法権
バリバリ働く女性,0,0,-9050,バリキャリ
パスする,0,0,-3200,ナスリツケル
パスタ,0,0,-2078,鰻
パターン,0,0,-3200,パティーン
パッソ,0,0,-2078,車
パッソ♡,0,0,-3200,ファック
パッソでは行けない世界,0,0,-14593,異次元
パッソに乗った感じ,0,0,-10800,乗り心地
パッソのサイドブレーキ,0,0,-14593,サイドブレーキ
パッソのステアリング,0,0,-12649,ステアリング
パッソのハンドルを左に回転,0,0,-18748,左折
パネルマジック,0,0,-7408,パネマジ
パプリカ,0,0,-3200,ピーマン
パラダイス,0,0,-4472,別世界
パワースポット,0,0,-7408,疫病神
パンケーキ☆,0,0,-5878,今川焼
パンツ見えちゃうポーズ,0,0,-14593,キック
ヒューヒューする,0,0,-9050,茶化す
ヒーロー,0,0,-3200,ピンチヒッター
ビッグなお耳,0,0,-5878,聞き耳
ビビビッと,0,0,-4472,直感的に
ビューテホー,0,0,-5878,キショー
ビューラーが手を焼くまつ毛,0,0,-18748,逆まつげ
ビンゴ,0,0,-2078,ハズレ
ビールがひときわ美味しい日,0,0,-18748,金曜日
ビールで言うと、泡,0,0,-10800,サクラ
ピエロさん,0,0,-4472,当て馬
ピクルス抜き,0,0,-5878,ピクルス
ピクルス抜きのハンバーガー,0,0,-18748,ハンバーガー
ピチチ♪,0,0,-3200,スズメ
ピュア,0,0,-2078,ナイーブ
ピョンピョン,0,0,-5878,頓狂
ピヨピヨ,0,0,-3200,ピイピイ
ピン⇄キリ,0,0,-4472,ピンカラキリマデ
ピンク色の至宝,0,0,-7408,ハム
ピンチはチャンス♪,0,0,-10800,息してない
ピンチヒッター,0,0,-7408,助っ人
ファン,0,0,-2078,リトルモンスター
ファンタジー,0,0,-5878,空言
ファンタジーおじさま,0,0,-12649,サンタサン
ファンタスティスト,0,0,-10800,ヒステリック
ファンタスティックでハイカラ,0,0,-20953,オシャンティー
フィンランド風蒸し風呂,0,0,-14593,サウナ
フェアなお会計,0,0,-7408,兵隊勘定
フトドキモノ,0,0,-5878,ダフ屋
フフ,0,0,-1131,フン
フライング喜び,0,0,-7408,ヌカヨロコビ
フラットに,0,0,-4472,相殺
フランクな会話表現,0,0,-10800,俗語
フランス的精神,0,0,-7408,エスプリ
フリーターとニートの兼務者,0,0,-18748,フニーター
フレンドリー,0,0,-5878,ブッキラボウ
ブラウザゲーム,0,0,-7408,ブラゲ
ブラボー,0,0,-3200,俗悪
ブルブル,0,0,-3200,底冷え
プッ、ゲラゲラ,0,0,-7408,プゲラ
プロになる一歩手前,0,0,-10800,ヘタッピ
プロの腕前,0,0,-4472,ヘッポコ
プロフェッサー,0,0,-7408,教授
プロ級,0,0,-2078,ヘッポコ
プロ級の技を持つ一般人,0,0,-14593,野生のプロ
プンスカプン,0,0,-5878,ヒンシュク
ベッドで悲しみにくれる,0,0,-14593,泣き寝入り
ホクホク♪,0,0,-4472,ウヒョ
ホクロさん,0,0,-4472,黒カビ
ホワイトクリームソースパスタ,0,0,-20953,ラーメン
ホントじゃない,0,0,-7408,ナンチャッテ
ホントのキモチ,0,0,-7408,底意地
ホームセンター,0,0,-7408,ホムセン
ボイスレッスン,0,0,-7408,ヒトカラ
ボス,0,0,-1131,スズメバチ
ボリューム、下げてくださる？,0,0,-20953,ウルセエ
ポエムを詠むひと,0,0,-9050,詩人
ポジティブ変換,0,0,-7408,負け惜しみ
ポテンシャルがある人,0,0,-12649,甲斐性なし
マイスウィートダーリン,0,0,-14593,テメエ
マイスウィートハニー,0,0,-12649,テメェ
マイダーリン♡,0,0,-7408,彼氏
マイペース,0,0,-4472,ワガママ
マイペースに,0,0,-5878,ノソノソ
マカロン,0,0,-3200,性交
マシュマロのぶつけ合い,0,0,-14593,言い争い
マシュマロみたいな,0,0,-10800,ヤワラカイ
マシュマロをぶつけ合う,0,0,-14593,言い争う
マシュマロ的,0,0,-5878,性的
マダム,0,0,-2078,ババア
マネできない感性,0,0,-9050,音痴
ママがオシャレする日,0,0,-12649,参観日
ママのおじや,0,0,-5878,雑炊
マルシェ,0,0,-3200,キオスク
マークシートがズレたテスト,0,0,-18748,赤点
マーライオン,0,0,-5878,血反吐
マーライオンの国,0,0,-9050,シンガポール
マーライオンの気分,0,0,-10800,吐き気
ミスターパーフェクト,0,0,-12649,三冠王
ミステリアスな方,0,0,-9050,ドコノウマノホネ
ミラクルな人,0,0,-5878,メンヘラ
ミーハー,0,0,-3200,俗っぽい
メガネの度が外れてるよう,0,0,-16627,的外れ
メッキがはがれた笑顔,0,0,-12649,ウスラワライ
メリハリある,0,0,-5878,デコボコ
メリハリのある愛情,0,0,-10800,ツンデレ
メリーゴーランド,0,0,-9050,チンチン
メロディ,0,0,-3200,変な音
メーカーの子会社,0,0,-9050,メー子
モグモグ,0,0,-3200,インプット
モジモジ,0,0,-3200,人見知り
モジモジ思考,0,0,-5878,引っ込み思案
モデル体型,0,0,-4472,ノッポ
モーレツな,0,0,-4472,筋金入りの
ヤケドしそうにホット,0,0,-12649,生あたたかい
ヤケド覚悟の恋愛,0,0,-9050,火遊び
ヤダ//恥ずかしいわ///,0,0,-18748,コッチミンナ
ヤングマン,0,0,-4472,若造
ヤング・アクティビティ,0,0,-14593,若気の至り
ユカイ,0,0,-2078,不愉快
ユニークが過ぎる方,0,0,-10800,キチガイ
ユニークな意見を持つ,0,0,-12649,ツムジヲマゲル
ヨガを始めた方が,0,0,-9050,死んだ方が
ライオンさんみたいな,0,0,-12649,威圧的な
ライブ会場で微動だにしない客,0,0,-20953,地蔵
ライヴ,0,0,-2078,ライブ
ラク,0,0,-1131,シンドイ
ラクダさんの仕事場,0,0,-10800,砂丘
ラクロス,0,0,-3200,ラグビー
ラグジュアリー海老,0,0,-10800,伊勢エビ
ラジオつきカセットテープレコーダー,0,0,-28037,ラジカセ
ラジオコントロール,0,0,-10800,ラジコン
ラストスパート,0,0,-7408,悪あがき
ラッキーアイテムみたいな女の子,0,0,-23237,アゲマン
ラバー,0,0,-2078,ネラー
ラフメイカー,0,0,-5878,芸人
ラブエピソード,0,0,-7408,ノロケ
ラブコールする,0,0,-7408,凸る
ラブソング,0,0,-4472,ラプソディー
ラブリー,0,0,-3200,デブ
ラブリー♡,0,0,-4472,畜生
ランゲージ,0,0,-4472,訛り
ランラン♪ランニング,0,0,-12649,ロードワーク
ランランランチ♪,0,0,-9050,昼食
ラーメン二郎ファン,0,0,-10800,ジロリアン
リクエストが多いのね,0,0,-12649,ツベイウナ
リスペクトしている,0,0,-10800,太刀打ちできない
リセットマラソン,0,0,-9050,リセマラ
リフレッシュテーマパーク,0,0,-16627,風呂
ルルル〜♪♪,0,0,-5878,ルルル〜
レア物,0,0,-2078,代物
レディ,0,0,-2078,売女
レディーのペット,0,0,-9050,ヒモ
レディース&ジェントルマン,0,0,-18748,シニア
レモンのはちみつ漬け,0,0,-12649,差し入れ
ロマンチックな時,0,0,-9050,黄昏
ロリータ好きな方,0,0,-9050,ロリコン
ロングヘア,0,0,-4472,ロン毛
ロンリネスなお腹,0,0,-9050,スキッパラ
ワイルド,0,0,-3200,野蛮
ワイルドなお方,0,0,-7408,野獣
ワイルドな人,0,0,-5878,ワル
ワインの海,0,0,-4472,血の海
ワインの番人,0,0,-5878,ソムリエ
ワクドキしたい,0,0,-7408,飽きっぽい
ワクワクするなぞの,0,0,-10800,得体が知れない
ワンコインの遊園地,0,0,-10800,ゲーセン
ワンダホー,0,0,-4472,キモ
ワンパターン,0,0,-5878,ワンパ
ワンワン,0,0,-3200,犬
ヴィジュアル系バンドのファン,0,0,-20953,バンギャル
ヴィンテージ,0,0,-5878,オサガリ
ヴィーナス,0,0,-4472,裸体
一刻も早く対処すべき,0,0,-12649,由々しき
一匹お笑い狼,0,0,-5878,ピン芸人
一周してカッコイイ,0,0,-10800,ダッサイ
一周回ってステキ,0,0,-9050,ヒドーイ
一回フラットに考えると,0,0,-14593,ソモソモ
一度の機会,0,0,-4472,ワンチャン
一時帰宅,0,0,-3200,イチキタ
一期一会,0,0,-3200,ソノ場限リ
一流の次の次,0,0,-5878,三流
一生、忘れないわ,0,0,-9050,サイコー
一生のお願いを何度もする,0,0,-16627,泣きつく
一生を共にできない,0,0,-10800,長続きしない
一生一緒の約束,0,0,-7408,結婚
一生美しいお花,0,0,-7408,造花
一番フレッシュな子,0,0,-10800,末っ子
一番新しい私が生きている日,0,0,-18748,今日
一癖とみせかけて二癖,0,0,-12649,一癖
一瞬だけさよなら,0,0,-9050,後ほど
一瞬の夢,0,0,-3200,写真
一糸まとわぬお姿,0,0,-9050,マッパ
一糸まとわぬ姿,0,0,-7408,ハダカ
一緒にお散歩,0,0,-5878,尾行
一緒の夢を見に行く旅,0,0,-12649,添い寝
一般教養,0,0,-3200,パンキョー
一見、立派,0,0,-4472,空々し
一足お先,0,0,-3200,先どり
一風変わった,0,0,-5878,ケッタイ
丁寧なのに失礼♪,0,0,-9050,慇懃無礼
丁寧におじぎ,0,0,-5878,ペコペコ
七色の橋,0,0,-3200,虹
万能,0,0,-1131,取り柄がない
万能遊び道具,0,0,-5878,輪ゴム
上に参る,0,0,-3200,アゲ
上のほうから見るのがお好き,0,0,-18748,偉ぶる
上出来,0,0,-2078,イマイチ
上品な,0,0,-2078,ハシタナイ
上手に変身する,0,0,-7408,成りすます
上着,0,0,-1131,ジャケット
上着のシャツをズボンのなかに入れる,0,0,-28037,エナリッテル
上質な,0,0,-2078,安っぽい
上質な迷惑,0,0,-4472,イーメイワク
下半身のはじまりを告げるお毛,0,0,-20953,ギャランドゥ
下履き,0,0,-2078,パンツ
下心満載,0,0,-3200,スケベ
下見という名のピクニック,0,0,-16627,ロケハン
不安になっちゃう乙女のハート,0,0,-20953,疑い
不思議なパワー,0,0,-7408,憤り
不確かな人,0,0,-4472,宇宙人
不確かにする,0,0,-5878,揺るがす
不純な目的,0,0,-4472,ヤリモク
不要物,0,0,-2078,ウンチ
世の中には秘密,0,0,-7408,非公開
世の中に絶対なんてないけど、絶対,0,0,-25600,絶対
世の中甘くない,0,0,-7408,生易しい
世界で一番美味しい料理,0,0,-14593,和食
世界に秘密を共有,0,0,-9050,タレコミ
世界のスピードについていけない,0,0,-23237,オイテカレタ
世界の入り口,0,0,-5878,レンズ
世界を変えるヒラメキ,0,0,-12649,アイデア
世界を豊かに,0,0,-5878,創作
世界中の人が私に夢中になっちゃう時,0,0,-28037,モテ期
世界最高峰,0,0,-4472,エベレスト
世紀の天才,0,0,-4472,阿呆
並である,0,0,-3200,普通に
主導権,0,0,-2078,イニシアチブ
主張するお方,0,0,-5878,出しゃばり
主役,0,0,-1131,引き立て役
乙女,0,0,-1131,老婆
乙女のエチケット,0,0,-9050,デオドラント
乙女の努力の涙,0,0,-7408,ワキ汗
了解,0,0,-1131,リョ！
予備のタイヤみたいな人,0,0,-14593,キープクン
予告,0,0,-1131,フラグ
予想外にばっちり,0,0,-9050,テキメン
二人のお城,0,0,-4472,ラブホテル
二人の時間の巻戻り,0,0,-10800,元サヤ
二十代の会合にいらっしゃる方,0,0,-20953,二十世紀中年
二律背反,0,0,-3200,ユルピタ
二枚目より一枚上手,0,0,-10800,三枚目
二次元,0,0,-2078,低次元
二段飛びして上がる,0,0,-10800,ノシアガル
井の中の蛙感,0,0,-5878,閉塞感
交感神経が刺激される,0,0,-12649,アガル
交際の申込み,0,0,-5878,ナンパ
京王井の頭線,0,0,-5878,イノヘッド
人から貢がれる女性,0,0,-10800,タガメ女
人がつくり出す素敵な空気,0,0,-16627,息
人たち,0,0,-2078,連中
人によっては本物,0,0,-9050,マガイモノ
人の善意に頼るお願い,0,0,-12649,泣き落とし
人の幸福は蜜の味,0,0,-9050,メシウマ
人の情熱で値段を決める方法,0,0,-18748,オークション
人は忘れる生き物だから,0,0,-14593,喉元過ぎれば
人は見かけじゃない、の見かけ,0,0,-20953,ルックス
人より少々ユニークな方,0,0,-14593,アホンダラ
人を選ぶ話,0,0,-4472,タダシイケメンニカギル
人並み外れてピュア,0,0,-10800,ドスケベ
人付き合いが苦手なおかた,0,0,-16627,コミュ障
人気がありすぎ,0,0,-7408,出ずっぱり
人気者,0,0,-2078,ノケモノ
人気者な,0,0,-3200,忙しい
人生、楽じゃない,0,0,-9050,メンドクセ
人生が学べる場所,0,0,-9050,映画館
人生のからくりを学ぶ場,0,0,-14593,授業
人生の先輩,0,0,-4472,老害
人生の大先輩,0,0,-5878,オツボネ
人生の新しいスタート,0,0,-12649,ジョブチェンジ
人生の節目,0,0,-4472,受験
人生の綱渡り,0,0,-5878,ギャンブル
人生の記録,0,0,-4472,レシート
人生を一歩前進させた,0,0,-12649,選んだ
人生を寄り添う方,0,0,-9050,連れ
人生を豊かにする,0,0,-9050,ポチル
人生を豊かにする知識,0,0,-12649,雑学
人生を進める,0,0,-5878,選ぶ
人見知りが発動してる,0,0,-12649,馴染めない
人間が生きるのに必要なこと,0,0,-18748,自信
人間として生きてる証拠,0,0,-14593,喜怒哀楽
人間の可能性を感じるショー,0,0,-18748,サーカス
人間の桃に似てるかわいい部分,0,0,-20953,尻
人間スピーカーになる,0,0,-12649,言いふらす
人間性とは別のものさし,0,0,-14593,ステータス
人間関係の不協和音を演奏,0,0,-16627,ギスギス
人類の恋人,0,0,-4472,フトン
今すぐ隔離されるべき人,0,0,-14593,サイコパス
今まで秘密にしてたけど,0,0,-14593,何気に
今わたしが向き合う方,0,0,-12649,相手
介抱,0,0,-1131,抹殺
仔猫ちゃん,0,0,-4472,濡れネズミ
仕切り直す,0,0,-4472,チキル
他の力を思い通りに動かす,0,0,-16627,支配する
他の同性より女らしい,0,0,-12649,色っぽい
他人,0,0,-1131,池沼
他人が原因だと思う,0,0,-10800,棚に上げる
他人の評判を気にしない様子,0,0,-18748,ドコフクカゼ
仮面を纏う,0,0,-4472,猫をかぶる
仲良くしたいの,0,0,-7408,ナメテンノ
仲良くして,0,0,-4472,ナメンナ
仲良くしてくれる,0,0,-9050,馴れ馴れしい
仲良くしてもいー,0,0,-9050,ナメンジャネー
仲良しだからできる会話,0,0,-14593,雑談
仲間,0,0,-1131,グル
伊勢エビ,0,0,-3200,ザリガニ
休暇を欲している,0,0,-9050,病んでる
会社を背負うヒーロー,0,0,-12649,取締役
会社ファン,0,0,-4472,社畜
伸びしろがある人,0,0,-9050,チビ
低刺激、低リスク、低依存、低燃費,0,0,-25600,４低
体がやる気ない,0,0,-7408,気だるい
体が透けて見えること,0,0,-12649,シースルー
体当たり,0,0,-3200,トバッチリ
何を言っているのよ,0,0,-10800,ベランメエ
何度でも、何度でも,0,0,-10800,ヒャッペン
余裕,0,0,-1131,ギリギリ
余裕がある,0,0,-4472,スカスカ
作られた一面,0,0,-5878,外面
作戦,0,0,-1131,アクドサ
俊敏,0,0,-1131,ソソクサ
信じがたいわ,0,0,-5878,ウサンクサ
信仰者,0,0,-2078,ヲタ
信頼のお会計,0,0,-5878,先払い
個性あふれる,0,0,-5878,汚い
個性派男子,0,0,-4472,ブサメン
個性的な,0,0,-3200,妙な
値段が安い,0,0,-4472,プチプラ
倫理的によくない！,0,0,-10800,エロイ
倹約家,0,0,-2078,シミッタレ
健やかにいてほしい,0,0,-10800,死んでほしい
健全な欲望,0,0,-4472,物欲
健康,0,0,-1131,ヘルス
健康になればいい,0,0,-9050,死ねばいい
健気な待ち,0,0,-4472,出待ち
傑作,0,0,-1131,出来損ない
働く勝負服,0,0,-4472,スーツ
働く戦士,0,0,-3200,サラリーマン
僕,0,0,-400,老生
僕の理不尽なお願いを聞いて,0,0,-18748,僕と契約して
儚い精神力,0,0,-4472,豆腐メンタル
優しい,0,0,-2078,ユルイ
優等生,0,0,-2078,問題児
優雅な,0,0,-2078,キメエ
優雅に,0,0,-2078,ノッソリ
元凶の元,0,0,-3200,火種
元気ありあまる,0,0,-7408,ヤンチャ
元気が出るフード,0,0,-9050,メンチカツ
元気でいて,0,0,-4472,生きてんな
元気なのにマスク,0,0,-9050,ダテマスク
元気にする,0,0,-4472,慰める
元気になりたい,0,0,-7408,死にて
元気になる,0,0,-4472,イジケル
元気をつくるガール,0,0,-10800,チアガール
先生、みなさん、おはようございます,0,0,-28037,オッハー
先祖たちのおうち,0,0,-9050,遺跡
先輩ありがとうパーティー,0,0,-16627,追いコン
先輩後輩,0,0,-3200,ヒエラルキー
先陣をきった方,0,0,-7408,言いだしっぺ
光のように過ぎ去る時間,0,0,-14593,一瞬
光の早さ,0,0,-3200,早急
光を放て,0,0,-3200,滅びろ
光栄です,0,0,-3200,鼻が高い
入浴する,0,0,-3200,ホカル
全てをさらけだして泣く,0,0,-14593,ススリナク
全世界に自慢したい旦那様,0,0,-16627,イケダン
全力でダラダラ,0,0,-7408,ウダウダ
全然,0,0,-1131,カラキシ
全米が褒める,0,0,-5878,ベタボメ
公私ともに充実している女性,0,0,-18748,ヨクバリージョ
公衆の面前で愛の宣言,0,0,-12649,路チュー
六本木のドリーマー,0,0,-10800,ヒルズ族
其れは其れは,0,0,-5878,サゾカシ
内容が豊かな,0,0,-5878,長ったらしい
内密に,0,0,-2078,ヒソヒソ
内緒,0,0,-1131,非公式
内緒でウコンの力を摂取,0,0,-14593,ドーピング
冒険先,0,0,-2078,異国
冷静さを取り戻したい,0,0,-12649,ムカツイタ
冷静な様子,0,0,-4472,クール
凛とした男性,0,0,-5878,武士
凱旋パレード,0,0,-5878,粗相コール
出口,0,0,-1131,アヌス
出待ち,0,0,-2078,待ち伏せ
出発,0,0,-1131,トンズラ
出発進行！,0,0,-4472,進撃
出逢えてよかった,0,0,-9050,スキ
分かったわ,0,0,-4472,オッケー
分かっちゃいるけど素敵,0,0,-14593,アザトイ
分かってもらうのが難しい,0,0,-16627,度し難い
分け若布,0,0,-3200,ワケワカメ
分身の術,0,0,-3200,ナリスマシ
初めてのメンバー,0,0,-9050,初メン
初心に戻りがち,0,0,-7408,夢見がち
初心者,0,0,-2078,トウシロ
初期微動,0,0,-3200,ピクピク
別れの時間,0,0,-4472,葬式
別荘,0,0,-1131,ベランダ
刻まれた歳月,0,0,-5878,皺
前、とっても好きだった彼,0,0,-16627,元カレ
前、とっても好きだった彼女,0,0,-18748,元カノ
前にしか進まない人,0,0,-10800,走者
前に前に,0,0,-3200,ズカズカ
前を向ける性格,0,0,-7408,ヘタレ
剣より強い道具,0,0,-7408,ボールペン
創作活動,0,0,-3200,殺生
創造の神,0,0,-3200,カリスマ
勇気を出して,0,0,-5878,敢えて
勇者,0,0,-1131,鬱
勉学に励む者達,0,0,-7408,学生
勉強熱心な学生,0,0,-7408,院生
動悸が激しくなっちゃった,0,0,-16627,オッタマゲタ
動画の天国,0,0,-4472,ヨウツベ
動画を楽しむ,0,0,-5878,ツベル
勝負服,0,0,-2078,リクスー
勢いよろしく,0,0,-5878,ピュッピュッ
包み込むようにやさしい,0,0,-14593,寛容な
包容力のかたまり,0,0,-9050,サンドバッグ
千葉のワンダーランド,0,0,-12649,チバリーヒルズ
午後になると眠くなるご様子,0,0,-18748,午後夢中
午後への活力,0,0,-5878,ヒルゴハン
半分、夢旅行しながら,0,0,-12649,夢うつつ
南米出身のおいしいやつ,0,0,-14593,ジャガイモ
博愛,0,0,-1131,箱押し
博愛主義,0,0,-3200,雑食
博愛主義者,0,0,-4472,ダレデモダイスキ
印象,0,0,-1131,レッテル
去るのか去らないのか分からない,0,0,-23237,去りぬ
参上！,0,0,-2078,オジャマ
参加する,0,0,-3200,立つ瀬がない
友情によるチョコ交換,0,0,-12649,友チョコ
収める,0,0,-2078,ヒンムク
取り放題天国,0,0,-5878,ハイキング
取るに足らない,0,0,-7408,ヘボイ
口笛ふいてスキップしながら,0,0,-18748,ノラリクラリト
口笛を演奏,0,0,-4472,舌打ち
古代ロマンの国,0,0,-7408,インカ帝国
可及的速やかに,0,0,-7408,サクット
可愛いじゃなく、美しい,0,0,-14593,可愛くない
可愛くなれる魔法,0,0,-9050,カラコン
可愛らしく,0,0,-4472,チンマリ
台風の中を歩いた髪,0,0,-10800,逆毛
右の耳から左の耳へスルー,0,0,-16627,聞き捨て
合コンに来て終電前に帰る女子,0,0,-20953,プリズンブレイク
合同コンパでの自分勝手な行動,0,0,-20953,個人プレー
同じものを愛する,0,0,-9050,ホモ
同じ人間なのが嬉しいお方,0,0,-16627,英雄
同じ方法の仕返し♪,0,0,-10800,シッペガエシ
名俳優,0,0,-2078,大根役者
名前はまだ無い,0,0,-7408,名無し
吐息で伝える,0,0,-5878,ササヤク
吐息を吐く,0,0,-4472,泥をはく
向き合う甲斐がある,0,0,-10800,厄介な
向上心が暴走している,0,0,-12649,意識高い
告白した,0,0,-3200,チクッタ
告白する,0,0,-3200,告る
味のある上手さ,0,0,-7408,ヘタウマ
味見,0,0,-1131,盗み食い
呼吸,0,0,-1131,ルーチン
命ある者たち,0,0,-5878,生き物
命の帽子,0,0,-3200,ヘルメット
咲き乱れる,0,0,-4472,ラリル
品がない,0,0,-3200,卑しい
品行方正,0,0,-3200,ケジメ
商売のお話,0,0,-4472,営業
喜びのための労働,0,0,-9050,仕事
喜んで約束する,0,0,-7408,引き受ける
喜劇のような悲劇,0,0,-9050,ピカレスク
嘘がお上手,0,0,-4472,嘘つき
嘘八百,0,0,-2078,詐欺
噛みつきたいほど愛しい,0,0,-14593,ラブイ
器が大きい男性,0,0,-7408,仙人系男子
器用,0,0,-1131,不器用
器用なかた,0,0,-4472,両刀使い
回復への調整,0,0,-5878,テコ入れ
因果応報,0,0,-3200,身から出た錆
図書館,0,0,-2078,漫喫
地べたに座ってる人,0,0,-10800,ジベタリアン
地球と仲良し,0,0,-5878,ロハス
地球のふるえ,0,0,-5878,地震
地球を救う力,0,0,-5878,女子力
地球を救う程度の愛,0,0,-10800,相思相愛
堂々,0,0,-1131,尊大
堂々とした人,0,0,-5878,腑抜け
報告書,0,0,-2078,レポート
報道関係者,0,0,-4472,マスゴミ
壮大な物語,0,0,-4472,歴史
声優ファン,0,0,-4472,声豚
変わりきったお姿,0,0,-9050,別人
変身,0,0,-1131,コスプレ
変～身っ,0,0,-3200,化粧
夏の夜の制服,0,0,-5878,ステテコ
外に出ればアイドル,0,0,-10800,イケニート
多重人格,0,0,-3200,ネット弁慶
夜の妖精が連れて行ってくれる新しい日,0,0,-30547,明日
夜の歓楽スポット,0,0,-9050,ナイトクラブ
夢うつつ,0,0,-3200,ビミョー
夢がかなう時,0,0,-5878,イツカ
夢と愛の唄い人,0,0,-7408,ラッパー
夢のために頑張って,0,0,-10800,一生懸命
夢のなかに長めに滞在,0,0,-12649,遅刻
夢のような時間を過ごした人の数,0,0,-23237,経験人数
夢の世界へ出発,0,0,-7408,想像
夢の中で会う関係,0,0,-9050,疎遠
夢の瞬間,0,0,-3200,ゴール
夢の空間,0,0,-3200,デパ地下
夢の答え合わせ,0,0,-7408,夢合わせ
夢をつなぐゲーム,0,0,-9050,サッカー
夢を乗せて走る乗り物,0,0,-12649,レンタカー
夢を旅する方,0,0,-5878,流れ者
夢を歌う人々,0,0,-5878,ストミュー
夢を追いかける仲間,0,0,-10800,サークル
夢を食べる場所,0,0,-7408,レストラン
夢中だった日々,0,0,-7408,過去
夢中でまっすぐに,0,0,-9050,マッシグラ
夢中になってしまう,0,0,-10800,艶かしい
夢見がちな女の子,0,0,-9050,スイーツ女子
夢見る乙女,0,0,-4472,ビッチ
大いに問題がある,0,0,-9050,大丈夫じゃない、問題だ
大きい,0,0,-2078,デカイ
大きなお世話,0,0,-5878,下世話
大きめの火事,0,0,-5878,炎上
大事なのは中身,0,0,-7408,チッポケ
大人が仲良くなるための宴,0,0,-16627,飲み会
大人が醸し出す香り,0,0,-10800,加齢臭
大人のお遊び,0,0,-5878,チョメチョメ
大人びてらっしゃる,0,0,-10800,小生意気な
大人へ踏出,0,0,-4472,乳離れ
大切な人との愛,0,0,-7408,永遠
大切な人との連絡手段,0,0,-12649,ライン
大口,0,0,-1131,一口
大器晩成,0,0,-3200,頭悪い
大器晩成型の人,0,0,-7408,オチコボレ
大天使,0,0,-2078,極悪人
大物,0,0,-1131,ロクデナシ
大物器量,0,0,-3200,負けず嫌い
大盤振る舞い,0,0,-5878,捨て売り
天の神様の言う通り,0,0,-10800,キマグレ
天下を回るお金,0,0,-7408,捨て金
天使,0,0,-1131,糞
天使のため息,0,0,-5878,オナラ
天使のように微笑む,0,0,-10800,笑う
天使みたいな,0,0,-5878,クソミタイナ
天使を育てる時間,0,0,-9050,産休
天使扱い,0,0,-3200,子供扱い
天才,0,0,-1131,非凡
天才子役,0,0,-3200,チャイドル
天才的な人,0,0,-4472,変な人
天然さん,0,0,-3200,トンチキ
天然のように振る舞う女性,0,0,-16627,養殖天然
太陽が眠るまでに,0,0,-9050,即日
太陽の光,0,0,-3200,禿
失礼しちゃう,0,0,-5878,ウッザ
奇跡の一枚写真,0,0,-7408,ピン写
奇跡の自宅警備員,0,0,-9050,ネオニート
奥の深,0,0,-2078,イカガワシ
奥様,0,0,-1131,人妻
女の子,0,0,-2078,女子
女の子から見た男の子,0,0,-12649,獲物
女の子の一番かわいい表情,0,0,-16627,スマイル
女の子の夢のつくりかた,0,0,-14593,レシピ
女の子の夢の抱っこ,0,0,-10800,オヒメサマダッコ
女の子の文字,0,0,-5878,丸文字
女体の宇宙,0,0,-4472,オッパイ
女体の銀河,0,0,-4472,乳首
女子中学生,0,0,-4472,ジェーシー
女子大生,0,0,-3200,ジェーディー
女子小学生,0,0,-4472,ジェーエス
女子高生,0,0,-3200,ジェーケー
女将,0,0,-1131,チーママ
女性が意中の男性の前で色気を出す,0,0,-25600,精神的に乳を出す
女性のリーダー,0,0,-7408,スケバン
女性を魅了する方,0,0,-9050,スケコマシ
女王様,0,0,-2078,クイーン
好かれているよう,0,0,-9050,鼻つまみ
好きだわ,0,0,-3200,ヒクワ
好き好きよ,0,0,-4472,ナンヤネン
好ましい,0,0,-3200,イケスカナイ
好奇心旺盛な,0,0,-5878,流されやすい
好奇心旺盛なダンディ,0,0,-12649,ムッツリスケベ
好意,0,0,-1131,殺意
好意をよせているの,0,0,-10800,スキヤネン
妊婦さま,0,0,-3200,プレママ
子どもの大好物,0,0,-7408,ハンバーグ
子どもゴコロを忘れてない,0,0,-16627,大人げない
子供と大人のワンダーランド,0,0,-18748,遊園地
子供の頃の恋人,0,0,-7408,ヌイグルミ
子供の頃思い描いたようには,0,0,-18748,ナカナカ
存在感のあるまつげ,0,0,-10800,ヒジキマツゲ
孤独を愛する,0,0,-5878,ボッチ
宇宙のような,0,0,-5878,底知れない
宇宙のように,0,0,-5878,底抜け
守ってあげたい,0,0,-7408,可愛げない
守ってあげたい感じ,0,0,-10800,蒼白
守るべき場所,0,0,-5878,金玉
安定感のある体型,0,0,-9050,ズングリムックリ
安心感のある体型,0,0,-9050,肥満
安心感を与える,0,0,-7408,太っている
完全勝利,0,0,-3200,フルボッコ
宝くじ,0,0,-2078,貧乏くじ
宝の山,0,0,-2078,ヘソクリ
宝物,0,0,-1131,忘れ物
宝石,0,0,-1131,ゴミ
宝石みたいなお魚,0,0,-9050,金魚
宝石箱のような夜空,0,0,-10800,星空
実のりある話し合い,0,0,-10800,ディスカッション
実はいい人,0,0,-4472,悪人
実はそういう意味,0,0,-9050,隠喩
実はそうなのですよ,0,0,-10800,ソーナノ
実は優しい,0,0,-4472,サディスティック
実は大好きよ,0,0,-5878,スットコドッコイ
実は奥さん想い,0,0,-7408,亭主関白
家のおしゃれ,0,0,-5878,インテリア
家の中で遊ぶのが好きな方たち,0,0,-20953,インドア派
家事の勲章,0,0,-4472,手荒れ
家庭訪問,0,0,-3200,来襲
家族大好き！,0,0,-5878,スネカジリ
密談,0,0,-1131,相談
寝てても上に行ける乗り物,0,0,-16627,エスカレーター
寝ても覚めてもラブ,0,0,-10800,ゾッコン
寝癖が激しいインコちゃん,0,0,-16627,オカメインコ
寵愛している,0,0,-5878,オキニ
対応が簡単だ,0,0,-5878,始末が悪い
対面,0,0,-1131,無視
専門家,0,0,-2078,エキスパート
専門家である,0,0,-5878,潰しがきかない
将来,0,0,-1131,後々
将来大物になる子,0,0,-9050,逆子
将来的には好きになるしかない,0,0,-20953,嫌い
将棋の西洋版,0,0,-5878,チェス
尊敬している,0,0,-5878,憎い
尊敬すべき先輩,0,0,-7408,糞上司
尊敬すべき師,0,0,-5878,ティーチャー
尊敬すべき方,0,0,-5878,古狸
尊敬する,0,0,-3200,憎む
尊敬するパパ,0,0,-5878,オトウサン
尊敬できる,0,0,-4472,偉い
尋常ではない,0,0,-5878,タダナラナイ
小さいお相撲,0,0,-5878,指相撲
小さい雑木林,0,0,-5878,ブロッコリー
小刻みな上下運動,0,0,-9050,ピョコピョコ
小刻みの運動,0,0,-5878,ヒクヒク
小回り,0,0,-2078,ウロチョロ
小声で指摘する,0,0,-7408,罵る
小学生のツバサ,0,0,-7408,ランドセル
小学生並の感想,0,0,-7408,小並感
少し静かにしてくださる？,0,0,-16627,黙れ
少女,0,0,-1131,遊女
少女の気持ちを忘れない,0,0,-14593,ロリータ
少年に対して愛がある人,0,0,-14593,ショタコン
居心地がいい,0,0,-5878,バツガワルイ
展望,0,0,-1131,ビジョン
崇高な労働をする場所,0,0,-12649,オフィス
巣籠もり,0,0,-3200,インドア
巧みな嘘,0,0,-3200,釣り
巧妙,0,0,-1131,インチキ
巨大な,0,0,-2078,ジャンボ
差入れする,0,0,-4472,水をさす
希望,0,0,-1131,絶望
希望を言ってみる,0,0,-9050,駄々をこねる
帰ってお風呂に入る時間,0,0,-14593,オヒラキ
帰宅したくなるドラマ,0,0,-12649,月９
帰宅部,0,0,-2078,ジーエッチキュー
常識を飛び越えて,0,0,-9050,イカレテ
常識的に考えて,0,0,-7408,常考
平常心が保たれている,0,0,-12649,ツマンナイ
幸せで充実していること,0,0,-14593,シア充
幸せな,0,0,-2078,ロクナ
幸せへと続く道,0,0,-7408,帰り道
幸せをよぶお作法,0,0,-9050,オマジナイ
幸せ者,0,0,-2078,馬鹿
幸福そうな,0,0,-4472,所帯じみた
広告映像,0,0,-3200,シーエム
度胸,0,0,-1131,ハッタリ
庭ガールのお友達,0,0,-9050,雑草
建替えが必須,0,0,-5878,老朽化
強い信念を持つ,0,0,-7408,我が強い
強く愛するキモチ,0,0,-9050,サディズム
強そうな野菜ディップ,0,0,-12649,バーニャカウダ
強靭なたんぱく質,0,0,-9050,筋肉
当然のご結果,0,0,-5878,罰当たり
彗星のように出現,0,0,-9050,ポットデ
待ち焦がれるお方,0,0,-9050,待ち人
待ってました,0,0,-5878,イイシツモンデスネ
後向きなキャンペーン,0,0,-12649,ネガキャン
後日譚,0,0,-2078,エピローグ
得意なことがあるようだ,0,0,-14593,鼻にかける
御中,0,0,-1131,ヤロー
御出でになるー,0,0,-7408,キター
徹底的にやっつけるご様子,0,0,-16627,コテンパン
心がかき乱される,0,0,-9050,キョドル
心が泣いている,0,0,-7408,イタタマレナイ
心の中では所有は自由,0,0,-12649,銃
心の底から,0,0,-4472,何卒
心の底から元気,0,0,-7408,空元気
心の持ち方,0,0,-4472,性根
心ばかり,0,0,-3200,チップ
心をこめた贈り物,0,0,-9050,引き出物
心中穏やかじゃない,0,0,-10800,末恐ろしい
心地よくない音,0,0,-7408,騒音
心穏やかに生活して,0,0,-10800,コノヨカラキエテ
心苦しい欠席,0,0,-5878,ドタキャン
必ず乗り越えられる試練,0,0,-14593,壁
忘れてたわけじゃなくて、ちょっと遅れちゃったけど,0,0,-32000,遅ればせながら
忘却の彼方へ,0,0,-5878,何だったのか
快感！,0,0,-2078,鼻を折る
念には念を入れて,0,0,-9050,必要以上に
怖い人,0,0,-2078,マフィア
思いが強い,0,0,-4472,執念深い
思います,0,0,-3200,候
思いやりがある,0,0,-7408,身勝手
思い立ったが,0,0,-5878,手当たり次第
思ったよりずっと,0,0,-9050,チットモ
思ってもいなかった,0,0,-10800,突拍子もない
思わず抱擁する,0,0,-7408,蹴落とす
思わず癒される方々,0,0,-10800,ユルキャラ
思慮深い,0,0,-3200,マワリクドイ
思慮深く行動が慎重な人,0,0,-14593,イクジナシ
思春期の住人,0,0,-5878,ローティーン
思索,0,0,-1131,考え
急なお金持ち,0,0,-5878,成金
急な成功者,0,0,-4472,成り上がり
急に,0,0,-1131,薮から棒に
恋のパーキングエリア,0,0,-12649,サービスエリア
恋の勝者,0,0,-3200,泥棒猫
恋の狙い撃ちゲーム恋の狙い撃ちゲーム,0,0,-30547,サバゲー
恋人に見せる顔,0,0,-7408,笑顔
恋人の導き,0,0,-4472,エスコート
恋人の次,0,0,-3200,弟子
恥じらい,0,0,-3200,ノーリアクション
恥ずかしがりやさん,0,0,-10800,ヒネクレ
恥ずかしがり屋さん,0,0,-10800,ヒネムレモノ
恩師,0,0,-1131,反面教師
恵みの雲,0,0,-3200,乱層雲
悔しいけど好き,0,0,-7408,バァカ
悠然となさる,0,0,-5878,頓着ない
悪いドキドキ,0,0,-5878,恥辱
悪く言った,0,0,-4472,ディスッタ
悪さの天才,0,0,-4472,愚の骨頂
悲しみをあらわにする,0,0,-12649,泣きじゃくる
情報がある場所,0,0,-7408,サイト
情報の小箱,0,0,-4472,ラジオ
情報の海,0,0,-3200,掲示板
情報通,0,0,-2078,野次馬
情景が目に浮かんでしまう,0,0,-16627,生々しい
情熱人,0,0,-2078,オリキ
情熱的,0,0,-2078,ムサイ
想い焦がれて追い続ける,0,0,-14593,追っかけ
想像力,0,0,-2078,イマジネーション
想定の範囲内,0,0,-5878,勘違い
想定外の出来事,0,0,-7408,事故
愉快な仲間たち,0,0,-7408,アウトオブ眼中
意味がありすぎる,0,0,-9050,ゼロ意味
意味の無い自信,0,0,-7408,優越感
意味不明,0,0,-3200,イミフ
意図が分かりかねるわ,0,0,-12649,ナンナンダ
意図的にサボる,0,0,-7408,ブッチ
意見をはっきり言う強さ,0,0,-14593,生意気
愛おしい,0,0,-3200,白々しい
愛おしいのでちょっかいを出す,0,0,-20953,イジル
愛があふれて止まらない方,0,0,-16627,ナンパ野郎
愛が溢れそう,0,0,-5878,漏れそう
愛が詰まった小箱,0,0,-9050,オベントウ
愛されて、ちょっかい出される,0,0,-20953,イジラレル
愛され体型の女性,0,0,-9050,プニコ
愛してるお肉,0,0,-5878,肉
愛してるのサイン,0,0,-9050,中指立てる
愛してるよ,0,0,-4472,バーロー
愛し合う,0,0,-3200,抱き合う
愛する,0,0,-2078,拉致る
愛する人,0,0,-3200,相方
愛について話す,0,0,-7408,語る
愛に生きる女性,0,0,-7408,情婦
愛に飢えている,0,0,-7408,乾く
愛のある場所,0,0,-5878,家
愛のつぶやき,0,0,-5878,ツイート
愛のカタマリを投入,0,0,-10800,寵愛
愛のノック,0,0,-4472,壁ドン
愛の再確認,0,0,-4472,仲直り
愛の告白,0,0,-3200,カミングアウト
愛の挨拶,0,0,-3200,生返事
愛の提示,0,0,-3200,イチャイチャ
愛の確かめ,0,0,-4472,イチャツ
愛の約束をする,0,0,-7408,付き合う
愛の言葉,0,0,-3200,雑言
愛らしい,0,0,-3200,ムサクルシイ
愛をばらまく,0,0,-5878,調子こいてん
愛を囁いたカード,0,0,-9050,テレカ
愛を持って生きろ,0,0,-9050,消えろ
愛を確かめる,0,0,-5878,抱く
愛を試しましょう,0,0,-9050,メリークリスマス
愛を語らう場所,0,0,-7408,カフェ
愛情,0,0,-1131,罪
愛情あふれる,0,0,-5878,手厳しい
愛情が多い,0,0,-4472,チャライ
愛情のカタマリ,0,0,-7408,総スカン
愛情の放出,0,0,-4472,投げキッス
愛情の裏返し,0,0,-5878,イジワル
愛情の詰め込み,0,0,-7408,総攻撃
感動する,0,0,-3200,ハゲル
感受性が豊か,0,0,-5878,涙もろい
感情をあらわにする,0,0,-10800,叫ぶ
慎重な性格,0,0,-4472,チキン
慎重派,0,0,-2078,即物的
憎めない,0,0,-3200,ゲンキン
憧れの国,0,0,-3200,フランス
懲りない過ち,0,0,-5878,累犯
成功した,0,0,-3200,ポシャッタ
成功する,0,0,-3200,ポシャル
成功の母,0,0,-3200,ワヤ
成功の階段を上がってる途中,0,0,-18748,負け犬
我が家の将軍,0,0,-5878,ノラムスコ
我慢しにくい,0,0,-5878,腹に据えかねる
戦士,0,0,-1131,会社員
手がかりが見つかる,0,0,-10800,トリツクシマガナイ
手に負えない,0,0,-5878,ムズイ
手のひらの宇宙,0,0,-7408,スマホ
手の平で私をクルクルする,0,0,-16627,ケシカケル
手を下される,0,0,-5878,イジラレン
手段を選ばず、卑劣な手を使う人,0,0,-23237,アノドロボウネコ
手足を楽しく動かすさま,0,0,-14593,ジタバタ
才能を発掘,0,0,-4472,スカウト
打っても響かない人,0,0,-10800,ウスラトンカチ
批判が発言した本人にも当てはまること,0,0,-30547,ブーメラン
批判めいた意見,0,0,-7408,難癖
承知いたしましたわ,0,0,-10800,アイヨ
承知致しました,0,0,-7408,ウィース
投げ槍,0,0,-2078,ナゲヤリ
抱きかかえ,0,0,-4472,殴り込み
抱きかかえる,0,0,-5878,投げ出す
抱きしめたい,0,0,-5878,殴りたい
抱っこする,0,0,-4472,ノシカカル
押し付けがましいトリビア,0,0,-16627,ウンチク
押し目,0,0,-2078,引け目
拝借する,0,0,-3200,パクル
拝見,0,0,-1131,盗み読み
持ち運びが簡単な,0,0,-9050,ペライ
持久力,0,0,-2078,スタミナ
指先の魔法使い,0,0,-7408,デコラー
挑むのが難しい,0,0,-7408,歯が立たない
挨拶もそこそこに,0,0,-9050,急に
捨てることで自分を見つめる,0,0,-18748,断捨離
控えめな人,0,0,-4472,弱虫
携帯するのを越えた体の一部,0,0,-18748,携帯
撫でまわ,0,0,-3200,ブッツブ
攻撃,0,0,-1131,テロ
放浪者,0,0,-2078,浮浪者
敬愛なるママ,0,0,-5878,オカアサン
数えきれないほどたーくさん,0,0,-18748,イッパイ
整っている,0,0,-4472,ミットモナイ
文化にない,0,0,-4472,馴染みない
文章を引用し貼付けること,0,0,-16627,コピペ
文豪ごっこ,0,0,-4472,作文
料理教室合コン,0,0,-7408,リョウコン
斬新,0,0,-1131,逆さま
斬新で画期的なネーム,0,0,-12649,ドキュンネーム
新しいステージに進む,0,0,-12649,突破する
新しい景色を見る,0,0,-9050,乗り越える
新しい私を希望,0,0,-7408,変身願望
新し過ぎて分からない,0,0,-12649,アバンギャルド
新たな世界へのハナムケ,0,0,-14593,送別会
新たな可能性を模索するチャンス,0,0,-23237,行き止まり
新たな命の誕生,0,0,-7408,着床
新たな扉,0,0,-3200,ラチ
新人さん,0,0,-3200,ニワカ
旅のはじまりの場所,0,0,-10800,空港
旅人,0,0,-1131,風来坊
日々是鍛錬,0,0,-4472,油断大敵
日曜日のパリのお祭り,0,0,-12649,蚤の市
日本の宝,0,0,-3200,オニギリ
日本の景気をよくする買いもの,0,0,-20953,大人買い
日本各地の,0,0,-4472,ソンジョソコラ
日本語でおしゃべりしましょ♪,0,0,-20953,日本語で&#x304ak;
旧渋谷センター街,0,0,-9050,渋谷バスケットボールストリート
早くここから逃げて！じゃないと…,0,0,-25600,サモナイト
早寝早起き,0,0,-4472,ノラクラ
昆虫を彷彿をさせるお方,0,0,-14593,爬虫類系男子
明けましておめでとうございます。,0,0,-25600,アケオメコトヨロ
明らかになった,0,0,-7408,悟った
明るい,0,0,-2078,暗い
明るすぎて見えない…！,0,0,-14593,真っ暗
明日はいいことあるよ,0,0,-12649,最悪
明日への情熱,0,0,-5878,血潮
明日も笑顔で頑張りたい,0,0,-14593,死んじゃいたい
昔、愛した,0,0,-4472,旧
昔が好き同盟,0,0,-5878,懐古厨
昔話,0,0,-1131,僻事
昨日の私が過ごした夜,0,0,-12649,昨晩
時おり,0,0,-2078,チラホラ
時が、きましたわ,0,0,-9050,イザ
時が経つのを忘れ朝を迎え,0,0,-16627,オールシ
時と場合による,0,0,-7408,トキトバ
時にはひとりの時間も必要と思う,0,0,-23237,寂しい
時代が先走りし,0,0,-7408,乗り遅れ
時代が変わればかっこいい,0,0,-16627,ダサイ
時間をお金で買う方法,0,0,-12649,速達
時間を倍にする読み方,0,0,-12649,速読
時間を湯水のように使用,0,0,-14593,暇つぶし
時間的な間隔がある,0,0,-10800,マヌケ
普通ではない人,0,0,-7408,一般人
普通に考えたらね,0,0,-9050,基本
景気を良くする消費,0,0,-10800,浪費
暖かく見守る,0,0,-5878,白い目で見る
曇り空,0,0,-2078,険悪
曖昧さがよい,0,0,-5878,煮え切らない
更正させる,0,0,-4472,叱る
最後のがんばり,0,0,-7408,ラストスパート
最後のキメ台詞,0,0,-7408,捨て台詞
最恐の敵,0,0,-3200,ラスボス
最新だ,0,0,-2078,ナウイ
最高,0,0,-1131,贅沢
最高のごはん,0,0,-5878,オウチゴハン
最高の女の子,0,0,-5878,ステキ女子
最高経営責任者,0,0,-7408,シーイーオー
最高！,0,0,-2078,イケズ
有利な運命の持ち主,0,0,-10800,七光り
有名人が払う税,0,0,-7408,有名税
有意義な時間,0,0,-5878,長丁場
有能,0,0,-1131,役立たず
望まれて登場,0,0,-5878,乱入
朝飯前のライバル,0,0,-9050,ザコキャラ
未来ある若者,0,0,-5878,ペーペー
未来ある若者たち,0,0,-9050,ティーンエイジャー
未来しか見ない人,0,0,-9050,ビジョナリー
未来の蝶,0,0,-3200,毛虫
未来を信じたい,0,0,-7408,不安
未来を危惧してるん,0,0,-10800,ビビッテン
未知なる世界への旅,0,0,-10800,冒険
未知の世界が広がっている人,0,0,-18748,童貞
未知の世界が広がる女子,0,0,-14593,チェリーガール
未知の世界が広がる男性,0,0,-14593,チェリーボーイ
未確認液体,0,0,-4472,スライム
本に命を吹き込むデザイン,0,0,-16627,装丁
本当なの,0,0,-3200,マジカ
本当に,0,0,-2078,マジ
本当に心やすらぐホーム,0,0,-14593,オウチ
本当の,0,0,-2078,似非
本当の名前,0,0,-4472,リングネーム
本当の時間が充実,0,0,-9050,本間充
本当の私デビュー,0,0,-9050,リアバレ
本当は仲良くしたいとお願い,0,0,-18748,仲違い
本来知らないはずの情報の発言,0,0,-20953,メタ発言
本格的メタル,0,0,-5878,ヘビメタ
本気,0,0,-1131,ガチ
本物の旅人の宿,0,0,-7408,ユースホステル
本能の赴くままに,0,0,-9050,ズラズラ
本題の前の小咄,0,0,-7408,前置き
東京,0,0,-1131,トンキン
枕を涙でジメジメにした,0,0,-14593,泣き明かした
枠取りおつかれさま,0,0,-10800,ワコツ
根拠のないリクエスト,0,0,-12649,イチャモン
根気のいるお仕事,0,0,-9050,水商売
検索する,0,0,-3200,ググル
極端に変わっているご様子,0,0,-16627,エキセントリック
楽しい,0,0,-2078,苦しい
楽しいおしゃべり♪,0,0,-10800,会話
楽しいショー,0,0,-5878,公開処刑
楽しい人,0,0,-3200,与太郎
楽しく女子トーク♪,0,0,-10800,オシャベリ
楽しさを求める者,0,0,-9050,極道
楽園,0,0,-1131,大学
様々な人生ドラマ,0,0,-9050,スッタモンダ
様々な具と共に油で炒めたお米,0,0,-20953,チャーハン
横目で拝見,0,0,-4472,チラ見
次で貴方も終わりよ,0,0,-10800,チェックメイト
次のまばたきの後すぐ,0,0,-12649,早急
次の出会いのための儀式,0,0,-14593,別れ
次元を越えた愛を持つ方,0,0,-14593,オタク
欲しい,0,0,-2078,ホチィ
欲しがり,0,0,-3200,マゾ
欲望に正直な人,0,0,-7408,悪いやつ
歌声,0,0,-1131,喘ぎ声
正体がバレる,0,0,-5878,身バレ
正体ジャジャーン！,0,0,-10800,化けの皮がはがれる
正常な様子,0,0,-4472,ノーマル
正座で電話待ち,0,0,-7408,凸待ち
正直しんどい,0,0,-5878,ションドイ
正直者,0,0,-2078,卑怯者
正義,0,0,-1131,イカサマ
武者震いする,0,0,-5878,ビビル
歳を重ねた子どもたち,0,0,-12649,大人
歴史に泥を塗って,0,0,-9050,犯して
歴史上の人物の墓を訪ね歩く人,0,0,-20953,墓マイラー
残ったのは、愛だけ,0,0,-10800,スッテンテン
毎年みんなに流行する病気,0,0,-16627,インフルエンザ
毎日ご指名,0,0,-4472,ヘビロテ
毛の出身地,0,0,-4472,毛穴
気がお済みになるまで,0,0,-12649,ヒトシキリ
気がきいている,0,0,-7408,小憎らしい
気が強く信念がある,0,0,-10800,シタタカ
気づいた,0,0,-3200,ソコソコ
気になっちゃうわ,0,0,-9050,ケシカラン
気になる,0,0,-3200,癪に障る
気まま,0,0,-2078,野放し
気を遣って,0,0,-4472,ズラシテ
気分はベルギー,0,0,-7408,ワッフル
気分は芸能人メガネ,0,0,-10800,サングラス
気分を変え,0,0,-4472,乗り換え
気持ちいい,0,0,-4472,息苦しい
気持ちいい圧力,0,0,-7408,プレッシャー
気持ち悪くてかわいい,0,0,-12649,グロカワイイ
気高い,0,0,-2078,高飛車
水面下で生きる人,0,0,-9050,スパイ
水面下の言葉,0,0,-5878,スラング
永遠にバク転,0,0,-5878,ノタレジニ
求愛,0,0,-1131,批判
汗の救世主,0,0,-4472,タオル
江戸な所,0,0,-3200,浅草
決してひとりじゃない,0,0,-12649,一緒
決して諦めない,0,0,-7408,スガル
決して逃れられない存在,0,0,-14593,自分
決め顔,0,0,-2078,無表情
浮世離れした演目,0,0,-9050,ストリップショー
浮気現場を彼氏に目撃される,0,0,-18748,ヤグル
浴衣女子最強アイテム,0,0,-12649,綿あめ
海と一体化,0,0,-4472,サーフィン
海のような愛情,0,0,-7408,スパルタ
海の中のイケメン,0,0,-9050,海老
消えてなくなってほしいの,0,0,-16627,爆発しろ
消しかす,0,0,-3200,手あか
消すために、消えゆくもの,0,0,-16627,消しゴム
涙が出ちゃう…,0,0,-7408,泣かせ
涙なしでは語れない,0,0,-10800,涙ぐましい
涙のスイッチ,0,0,-5878,涙腺
淑女なお方,0,0,-4472,オバハン
混浴風呂で女性を待つ男性,0,0,-16627,ワニ族
清く正しくかっこよい,0,0,-12649,キザ
清潔,0,0,-1131,不潔
清貧,0,0,-1131,文無し
渇いた洋服,0,0,-4472,濡れ衣
源さん,0,0,-2078,ポン引き
演技派,0,0,-2078,泣き上戸
激しめの無酸素運動,0,0,-10800,ヘドバン
火の無いところにある煙,0,0,-14593,デマ
火男,0,0,-1131,ヒョットコ
炸裂させる♪,0,0,-5878,コク
無いかもしれない,0,0,-9050,ナッシング
無いのよ,0,0,-3200,無いねん
無かったことに,0,0,-7408,削除
無かったことにされたもの,0,0,-16627,オクライリ
無垢な天使,0,0,-4472,ユトリ
無欲,0,0,-1131,強欲
無視したいご意見,0,0,-9050,クレーム
無許可で,0,0,-3200,勝手に
無邪気,0,0,-2078,子どもだまし
無邪気な様子で,0,0,-7408,ヌケヌケト
無重力,0,0,-2078,宙ぶらりん
無駄なことなんてない,0,0,-12649,無駄
無駄なことなんてひとつもない,0,0,-20953,オジャン
煌びやかだ,0,0,-4472,ウゼエ
熟考の末,0,0,-3200,テキトー
熱狂,0,0,-1131,ラッシュ
爽やかに軽々と,0,0,-7408,ヒョイト
片足立ちで勝利,0,0,-7408,楽勝
物事には二つの側面があるわ,0,0,-18748,ソーナンカナ
物語,0,0,-1131,エピソード
特別な愛し方を,0,0,-7408,溺愛
特殊なお風呂,0,0,-5878,ソープランド
特殊な専門家,0,0,-5878,デブ専
狂おしいほどかわらしい,0,0,-14593,愛おしい
狂気さえ感じる,0,0,-7408,パネェ
独り占め,0,0,-3200,幽閉
独り身の王子様,0,0,-7408,毒男
独立,0,0,-1131,仲間はずれ
独自の世界に生きる,0,0,-10800,天然ボケ
独自の味方,0,0,-4472,偏見
玄人,0,0,-1131,慣れっこ
率先して取りくむ,0,0,-9050,デシャバル
玉石混淆,0,0,-3200,ピンキリ
王子様,0,0,-2078,カフェオレ様
王子様が姫を連れて行く,0,0,-14593,カッサラウ
王子様に恋する乙女,0,0,-10800,ジャニヲタ
王道,0,0,-1131,ベタ
現代版アルカイックスマイル,0,0,-18748,愛想笑い
現場からお届け,0,0,-7408,ルポタージュ
現実を忠実に切り取るカメラ,0,0,-18748,一眼レフ
現実世界での住職,0,0,-9050,リア住
現実世界での恋人,0,0,-9050,リアカレ
現実世界にご満足の方,0,0,-12649,リア充
現実的,0,0,-2078,悲観的
現実逃避する遊び,0,0,-9050,ゲーム
現役復帰する,0,0,-5878,伊達る
現状を維持すると,0,0,-9050,コノマンマダト
理屈にかなわない怒り,0,0,-12649,逆ギレ
理由すらも,0,0,-4472,ユカリモ
理科室の夢,0,0,-4472,実験
理解が追いつかないわ,0,0,-12649,信じらんね
理解が追いつかないわっ！,0,0,-16627,ドウカシテルゼッ！
理解したわ,0,0,-4472,オーケー
甘い四角形,0,0,-4472,ヨウカン
甘噛み,0,0,-2078,手加減
生かす,0,0,-2078,殺す
生きた証,0,0,-3200,皺皺
生きちゃえ♪,0,0,-5878,死んじゃえ
生きてくださいね,0,0,-9050,逝ってよし
生きててよかったよ,0,0,-10800,死に損ない
生きてる証,0,0,-4472,内出血
生きるすべ,0,0,-4472,ゴマスリ
生きる喜びを写す機械,0,0,-12649,カメラ
生きる！,0,0,-3200,死ぬ
生きろ！,0,0,-3200,死ね
生ぬるい目,0,0,-4472,冷めた目
生まれそう,0,0,-4472,死にそう
生まれたままのお顔,0,0,-10800,スッピン
生まれたままの姿,0,0,-9050,ヌード
生まれ落ちた神聖なる地,0,0,-14593,地元
生半可では,0,0,-4472,チョットヤソット
生命力,0,0,-2078,労力
生命維持活動,0,0,-5878,ヲタ活動
生存が確認できない,0,0,-10800,直留守
生理現象,0,0,-3200,オシッコ
生理的に不快,0,0,-5878,気持ち悪い
由緒ある,0,0,-3200,野良
由緒ただしいお方,0,0,-9050,サラブレッド
男の決戦,0,0,-3200,チャンバラ
男女の距離を近づける乗り物,0,0,-18748,ジェットコースター
男女男る,0,0,-3200,ナブル
画像を貼ってください,0,0,-12649,画像ハラデイ
異国情緒あふれる,0,0,-9050,エキゾチック
病気,0,0,-1131,性病
癒しを求めている,0,0,-9050,ササクレダッタ
白い恩恵,0,0,-3200,ヨーグルト
白服の魔法使い,0,0,-7408,医者
白衣の天使,0,0,-4472,ナース
白衣の女戦士,0,0,-5878,女医
白馬の王子,0,0,-4472,チンピラ
白馬の王子を待つ女性,0,0,-12649,未恋女子
白黒つける戦い,0,0,-7408,デスマッチ
百合の花,0,0,-3200,レズ
百貨店勤務女性,0,0,-7408,デパガ
皆様にお知らせする,0,0,-10800,ヒケラカス
皮肉,0,0,-1131,シニカル
盛り上がり,0,0,-4472,冷やかし
盛り上げる,0,0,-4472,皮肉る
目が濁る,0,0,-3200,汚ねえ
目と鼻と口の配列が乱れた顔,0,0,-18748,オカチメンコ
目の前に億千の星が輝く,0,0,-14593,チカチカ
目も耳も隠したいお話,0,0,-12649,サスペンス
目をふさぎたくなる,0,0,-10800,オッカナイ
目を奪われるボディ,0,0,-10800,巨乳
目を背けたい,0,0,-5878,ヒドイ
目を閉じると現れる,0,0,-10800,チラツク
目標値,0,0,-2078,ノルマ
目立ちたがりさんなんだから♪,0,0,-20953,シャシャリデル
目立ってる,0,0,-4472,場違い
盲目的,0,0,-2078,見境がない
眉をしかめてしまう方,0,0,-12649,アバズレ
真っ赤なカラコン,0,0,-9050,血眼
真のオシャレ髪型,0,0,-9050,ツーブロ
真似したつぶやき,0,0,-9050,パクツイ
真実が見える,0,0,-5878,抜き打ち
真相をつきとめる方,0,0,-10800,刑事
真面目な方,0,0,-4472,堅物
真面目にお答え,0,0,-7408,マジレス
眠い,0,0,-1131,悲しい
眠かった,0,0,-3200,悲しかった
眼福,0,0,-1131,目が腐る
着信時のメロディー,0,0,-10800,着メロ
着信時の音楽,0,0,-5878,着うた
睡眠,0,0,-1131,悲しみ
睡眠大好きさん,0,0,-7408,ネボスケ
瞼の幕を降ろしたい,0,0,-10800,眠たい
知らないふりをなさる,0,0,-12649,シラヲキル
知らんぷりしないで,0,0,-10800,スットボケンナ
知人,0,0,-1131,痴人
知性,0,0,-1131,ユーモア
知的好奇心を刺激する読みもの,0,0,-20953,雑誌
研究成果,0,0,-3200,レジュメ
破壊的な効力を持つ神聖な領域,0,0,-20953,絶対領域
破廉恥,0,0,-2078,淫乱
礼儀正しいふるまい,0,0,-10800,他人行儀
社会が混雑する時間,0,0,-10800,ラッシュアワー
社会との約束,0,0,-5878,内定
社会の宝,0,0,-3200,ルーキー
社会を保つ秩序,0,0,-7408,ティーピーオー
社会人ごっこ,0,0,-5878,インターン
社内自由人,0,0,-4472,社内ニート
神が舞い降りた地,0,0,-9050,聖地
神様,0,0,-1131,アイドル
神様から見放された,0,0,-10800,幸薄い
神様がくれたチャンス,0,0,-12649,機会
神様が隠蔽,0,0,-4472,喪失
神様に感謝,0,0,-4472,ウハウハ
神様のお告げ,0,0,-5878,インスピレーション
神様の犬,0,0,-3200,ラブラドール
神様も驚く美しいお方,0,0,-12649,美形
神童,0,0,-1131,ヘボ
禁止事項,0,0,-3200,相姦
私がハッピー,0,0,-5878,俺得
私だけ特別,0,0,-4472,名指し
私との約束,0,0,-4472,ルール
私との約束の,0,0,-5878,指切り
私ども,0,0,-2078,ウチラ
私にとってよくないこと,0,0,-14593,勝手なこと
私に密着,0,0,-3200,ベタベタ
私のお家に召還,0,0,-7408,買い
私のするどい推理によると,0,0,-16627,サシズメ
私のものよ、という顔,0,0,-12649,ワガモノガオ
私のタンが喜んでる,0,0,-10800,オイシイ
私の予定,0,0,-3200,筋合い
私の事,0,0,-2078,他人事
私の人生に登場しないでほしい,0,0,-20953,ウザイ
私の人生を変えるいい問い,0,0,-16627,イイシツモン
私の味方,0,0,-3200,持ち駒
私の家に召喚,0,0,-5878,ゲット
私の家に召喚する,0,0,-9050,ゲトル
私の本気出しちゃう,0,0,-10800,ノゾムトコロ
私の胃が幸福を感じてる,0,0,-14593,ウメェ
私の胸に飛び込んできて,0,0,-14593,オイデマセ
私の辞書にはない,0,0,-9050,ナンノソノ
私を悩ませる種,0,0,-7408,オニモツ
秘めたるオーラ,0,0,-7408,凄み
秘めたるパワー,0,0,-7408,底力
秘めたるビーム,0,0,-7408,オーラ
秘密のお手紙出す,0,0,-9050,チクリ
秘密のお手紙書く,0,0,-9050,チクル
秘密のルート,0,0,-5878,近道
秘密の方法,0,0,-4472,ノウハウ
秘密の裏道,0,0,-4472,抜け道
穏やかでいる,0,0,-5878,煮え立つ
穏やかに過ごす,0,0,-7408,煮え返る
空からキャンディー,0,0,-10800,棚からぼた餅
空を見上げたい,0,0,-7408,ツラタン
空気は読むものじゃない！,0,0,-16627,空気読めない
空気を読まない強さがある,0,0,-16627,図々しい
空気感,0,0,-2078,素振り
空気読まない,0,0,-5878,空気読む
空飛ぶ美女,0,0,-4472,スッチー
立ち上がる,0,0,-4472,ヘコタレル
立ち返る状態,0,0,-5878,デフォ
立入禁止,0,0,-3200,地雷
立派なかた,0,0,-4472,大将
立派な人,0,0,-3200,面汚し
競合する,0,0,-3200,カニバル
笑みがこぼれる,0,0,-7408,腹が立つ
笑わずにはいられない,0,0,-12649,草不可避
笑顔,0,0,-1131,真顔
笑顔が生まれる,0,0,-7408,スベラナイ
笑顔で過ごしたい,0,0,-9050,消えたい
笑顔に変わるための一歩,0,0,-14593,涙
笑顔に蝶々,0,0,-4472,泣きっ面に蜂
笑顔の化石,0,0,-4472,生首
笑顔を見せる,0,0,-5878,嘘をつく
筆に込めた想い,0,0,-7408,筆圧
等閑,0,0,-1131,ナオザリ
筋肉,0,0,-1131,老体
節約上手,0,0,-3200,ドケチ
節電作戦,0,0,-3200,ヤシマ作戦
粘り強い,0,0,-3200,シツコイ
粘着,0,0,-1131,癒着
精いっぱい,0,0,-4472,手一杯
素敵な,0,0,-2078,イヤナ
素敵なお医者さん,0,0,-9050,ヤブ医者
素敵なステーキ,0,0,-7408,ステーキ
素敵なセンス,0,0,-5878,オシャレ
素敵なマダム,0,0,-5878,糞ババア
素敵なムッシュ,0,0,-7408,糞ジジイ
素早い仕事ができる人,0,0,-12649,コソ泥
素晴らしい,0,0,-4472,駄目
素晴らしい一日のはじまり,0,0,-16627,早朝
素晴らしい人物,0,0,-7408,馬鹿野郎
素晴らしい人生を送る,0,0,-12649,生きる
素晴らしい国、日本,0,0,-10800,日本
素晴らしい１年がはじまる月,0,0,-18748,１月
素晴らしき４つの季節,0,0,-12649,四季
素直,0,0,-1131,シャアシャア
素行のよしからぬ座り方,0,0,-14593,ウンコズワリ
紫色の宝石,0,0,-4472,石焼き芋
細かいことは言わないでね♪,0,0,-18748,四の五の言うな
紳士なお方,0,0,-4472,オッサン
絆を深める衝突,0,0,-7408,喧嘩
結末流出,0,0,-3200,ネタバレ
結論から言うとね,0,0,-9050,結局
絶世のお方,0,0,-4472,デブス
絶対に,0,0,-2078,マッピラ
絶対に♪,0,0,-3200,金輪際
絶対に許さないこともない,0,0,-16627,絶許
絶滅危惧種カード,0,0,-9050,テレホンカード
絹の糸,0,0,-2078,チン毛
綴った,0,0,-2078,書いた
綴る,0,0,-1131,書く
綺麗なお顔,0,0,-4472,ドヤ顔
綿菓子,0,0,-2078,カス
緊張しておどおどしてしまう,0,0,-18748,イモル
緑を愛する人,0,0,-5878,ベジタリアン
緑を愛する系,0,0,-5878,草食
繊細なお方,0,0,-4472,モヤシッコ
繊細アンテナ,0,0,-5878,霊感
繰り返される過ち,0,0,-9050,再犯
美しい,0,0,-2078,不細工
美しいご挨拶,0,0,-5878,オジギ
美しい夢の言葉,0,0,-7408,戯言
美しい殿方,0,0,-4472,オカマ
美しい肢体,0,0,-4472,スレンダー
美しき一方通行,0,0,-7408,片思い
美しく儚い者たち,0,0,-9050,クソッタレ
美しく刹那的に輝く電灯,0,0,-14593,イルミネーション
美しすぎる殿方,0,0,-7408,美男子
美人,0,0,-1131,デベソ
美人に似合う髪型,0,0,-9050,ショートカット
美味,0,0,-1131,微味
美味しい,0,0,-3200,ウッメ
美味しいわ,0,0,-4472,マイウー
美味しくいただく,0,0,-9050,飲み干す
美声を披露する,0,0,-7408,オケル
美女,0,0,-1131,ブス
美男子,0,0,-2078,ブ男
美脚,0,0,-1131,大根足
群馬,0,0,-1131,グンマー
羽ばたく準備,0,0,-5878,スタンバイ
考え抜いた思い,0,0,-7408,意見
耳にて光る宝石,0,0,-7408,ピアス
耳にタコさんができるくらい,0,0,-18748,サンザン
聖域,0,0,-1131,脇の下
聞かなくてもいい音,0,0,-10800,雑音
聴覚で感じる芸術,0,0,-9050,サントラ
肉らしい,0,0,-3200,憎らしい
肝臓の休日,0,0,-4472,休肝日
肺から爆笑,0,0,-4472,ヒキワライ
胃もたれしそう,0,0,-7408,油ギッシュ
背に腹が変えられそう,0,0,-12649,腹減った
背伸び,0,0,-2078,早熟
背伸びが趣味の人,0,0,-9050,見栄っ張り
背伸びしたいお年頃,0,0,-10800,オマセ
背伸びをしている,0,0,-9050,身の程知らず
背筋を冷却,0,0,-4472,ヒヤリ
胸,0,0,-400,見栄
胸が不安で苦しい,0,0,-9050,空恐ろしい
胸が戸惑う,0,0,-4472,サブイ
胸に響くビート,0,0,-7408,サウンド
脇の番人,0,0,-3200,脇毛
脳内シアターで上映,0,0,-10800,空想
臀部,0,0,-1131,ケツ
自分から見た世界,0,0,-9050,主観
自分だけを信じて,0,0,-9050,ナリフリカマワズ
自分で原因をつくってしまう,0,0,-18748,墓穴を掘る
自分で満足,0,0,-4472,独りよがり
自分と向き合う,0,0,-7408,病む
自分にご褒美♪,0,0,-7408,息抜き
自分の予想とは違う感,0,0,-12649,コレジャナイ感
自分の信念を侵害される,0,0,-14593,怒る
自分の売り文句,0,0,-7408,能書き
自分の手による本の電子化,0,0,-16627,自炊
自分を大切にできる方,0,0,-12649,ナルシスト
自分を天まで高め,0,0,-9050,意識高
自分を強く信じる,0,0,-9050,過信する
自分勝手な乗り方,0,0,-9050,乗り逃げ
自宅マニア,0,0,-4472,自宅警備員
自宅警備員,0,0,-4472,引きこもり
自己満足,0,0,-3200,ワンコミ
自己研磨,0,0,-3200,サービス残業
自慢しちゃってもいい？,0,0,-14593,手前味噌
自然,0,0,-1131,老化
自然と一体になるお風呂,0,0,-14593,露天風呂
自然現象,0,0,-3200,老化現象
自然豊かな地域出身者,0,0,-12649,田子作
自由,0,0,-1131,傍若無人
自由なお方,0,0,-4472,無礼者
自由な恋愛,0,0,-4472,スワッピング
自由な時間,0,0,-4472,ハブ
自由になる,0,0,-4472,羽目をはずす
自由に操縦する,0,0,-7408,乗り回す
自由人,0,0,-2078,乞食
興奮！,0,0,-2078,ヤババ
船長さん,0,0,-3200,ディレクター
良い黄身,0,0,-3200,イーキミ
良くはないけど決して悪くもない,0,0,-23237,悪い
色々考えて,0,0,-4472,手当たり次第
色とりどりの物語,0,0,-9050,絵本
花束,0,0,-1131,ゲス
芸術的,0,0,-2078,稚拙
若者が笑い合う会話の種,0,0,-14593,下ネタ
若者天国,0,0,-3200,渋谷
苦悩,0,0,-1131,イジメ
苺は私が食べるケーキ,0,0,-12649,ショートケーキ
華奢な,0,0,-2078,野太い
華麗な合いの手,0,0,-7408,ポイポイポイポポイポイポピー
萌える,0,0,-2078,ブヒル
落ちる滑るが禁句な人,0,0,-12649,受験生
落ち着いた人,0,0,-5878,デクノボウ
落ち着いている,0,0,-7408,ヤケヲオコス
著しく愛おしい,0,0,-7408,カワイイ
著しく腹がお立ちになる,0,0,-14593,憤る
薔薇,0,0,-1131,変態
虚しいあがり,0,0,-5878,チョンボ
虫を食べるのがお好きな女性,0,0,-18748,昆虫食女子
虹色,0,0,-1131,難色
衝動,0,0,-1131,ペニス
衝撃,0,0,-1131,インパクト
表情筋が鍛えられるわね,0,0,-14593,ウケンネ
裏切らないもの,0,0,-7408,練習
裸にし,0,0,-2078,ブチマケ
褒める,0,0,-2078,啖呵を切る
褒め殺し,0,0,-3200,皆殺し
褒め称える,0,0,-4472,ディスル
褒め言葉,0,0,-3200,陰口
要するに,0,0,-3200,トドノツマリ
見えざる力が働いている,0,0,-14593,作為的
見えざる手によるレース,0,0,-14593,出来レース
見かけ倒し海人,0,0,-7408,陸サーファー
見る目のある女性,0,0,-9050,枯れ専
見事に,0,0,-2078,カラッキシ
見事に隠蔽する,0,0,-7408,チョロマカス
見届けていたい,0,0,-7408,キメェ
見直し,0,0,-2078,軽蔑
見間違え,0,0,-3200,空目
覚悟しておきましょう,0,0,-12649,只ではすまない
親しき仲にも礼儀あり,0,0,-12649,水臭い
親切だ,0,0,-2078,ニベモナイ
親友,0,0,-1131,手駒
親密なコミュニケーション,0,0,-16627,スキンシップ
解放,0,0,-1131,解雇
解放され,0,0,-3200,縛られ
解放せよ！解放せよ！,0,0,-12649,チチンプイプイ
言い方が悪いわ,0,0,-7408,人聞き悪い
言い訳じゃない,0,0,-7408,弁解する
言うまでもないけど,0,0,-10800,スベカラク
言葉を選ぶ人,0,0,-5878,シドロモドロ
記憶の彼方にアウェイ,0,0,-12649,ナイガシロ
記憶の穴から掘り出し,0,0,-12649,空覚え
証拠を見つける,0,0,-7408,シッポヲツカム
試される美的センス,0,0,-10800,洋服
試練を与える,0,0,-5878,焼きを入れる
詳しく,0,0,-2078,クワシク
詳しく教えてほしいな,0,0,-12649,分かんねえ
誇り高い,0,0,-3200,情けない
語り明かす,0,0,-4472,飲み明かす
誠意いっぱいの謝罪,0,0,-10800,土下座
読書に勤しむ方,0,0,-7408,二金
誰かにパラサイト,0,0,-9050,オンブニダッコ
誰かの手作り弁当,0,0,-9050,ビニ弁
誰とでもにこやかなご様子の,0,0,-18748,社交的
誰にでもフレンドリー,0,0,-12649,八方美人
誰もが描く理想の世界像,0,0,-14593,夢物語
誰も傷つくことなく,0,0,-10800,体よく
調べれば簡単に出てくるわ♪,0,0,-18748,ググレカス
謙虚な気持ち,0,0,-5878,低姿勢
謙遜しすぎる,0,0,-5878,成り下がる
謹賀新年,0,0,-3200,アケマシテオメデトウ
警備員,0,0,-2078,ソクバッキー
譲れない確固たる理由,0,0,-12649,言い訳
豊かすぎる想像力,0,0,-9050,嘘八百
豊かな,0,0,-2078,貧しい
豪快,0,0,-1131,無作法
豪快な,0,0,-2078,ミミッチイ
貧乏でも充実,0,0,-5878,プア充
貯蓄,0,0,-1131,遊金
貴女のお好きになさって,0,0,-14593,煮て食おうと焼いて食おうと
貴婦人,0,0,-2078,オバタリアン
貴方,0,0,-1131,奴
貴方が喜ぶのならば,0,0,-10800,ナンナラ
貴方だよ♡,0,0,-4472,誰だよ
貴方様,0,0,-2078,オマエ
貴族,0,0,-1131,独身
貴族たち,0,0,-3200,チーマー
貴族のフルーツ,0,0,-7408,メロン
賛成,0,0,-1131,反対
賞味期限きれてる,0,0,-9050,腐ってる
質素,0,0,-1131,ドビンボウ
赤い宝石のようなつぶつぶ,0,0,-16627,イクラ
赤ちゃんの主食,0,0,-7408,母乳
走り始めた好奇心,0,0,-9050,ノゾキ
超 very bad,0,0,-12649,チョベリバ
超 very blue,0,0,-14593,チョベリブ
超 very good,0,0,-14593,チョベリグ
超 very 早い,0,0,-10800,チョッパヤ
超高級フレンチ,0,0,-7408,餌
趣が出てきた,0,0,-5878,枯れた
趣が出る,0,0,-3200,枯れる
足が長くてもつれた,0,0,-10800,ズッコケタ
身だしなみグッズ,0,0,-9050,カツラ
身に余る幸運,0,0,-5878,ラッキー
身も心も解放されていること,0,0,-18748,自由
身体もスッピン族,0,0,-9050,裸族
身体目当てに引っかからないお胸,0,0,-23237,ペチャパイ
身軽な登下校,0,0,-5878,置き勉
輝かしい時の流れ,0,0,-9050,人生
輝きすぎている,0,0,-7408,マブイ
輪廻転生,0,0,-3200,リサイクル
近年稀に見る,0,0,-5878,ヒトシオ
近年稀に見る良い,0,0,-9050,ナイス
近未来ビート,0,0,-5878,テクノポップ
退屈なのは自分のせい,0,0,-12649,ツマラナイ
逆にウキウキ,0,0,-5878,ノイローゼ
逆に豊富,0,0,-3200,ナケナシ
逆らえないほど,0,0,-7408,ヒトキワ
通信するガラス細工,0,0,-10800,光ファイバー
造物主,0,0,-2078,神
逢い引き,0,0,-3200,ランデブー
逮捕モノ,0,0,-3200,痴漢
進むべき進路,0,0,-5878,レール
遊びはこれまでよ,0,0,-9050,フザケンナ
遊びゴコロあふれる,0,0,-10800,チグハグ
遊び心を忘れない方,0,0,-10800,チャラリーマン
遊ぶ,0,0,-1131,フザケル
遊園地,0,0,-2078,チンコ
運の吸血鬼,0,0,-4472,サゲマン
運び屋,0,0,-2078,タクシー
運動と通勤を兼ねる人,0,0,-12649,ツーキニスト
運勢を温存してる,0,0,-9050,ツイテナイ
運命,0,0,-1131,ナリユキ
運命ではそうなるはず,0,0,-12649,ソノハズ
運命で決まってる,0,0,-9050,逆らえない
運命に引き裂かれた,0,0,-10800,生き別れた
運命に沿って,0,0,-5878,スンナリ
運命に逆らえない,0,0,-9050,ノッピキナラナイ
運命のいたずら,0,0,-7408,皮肉
運命のはじまり,0,0,-7408,馴れ初め
運命のレール,0,0,-5878,筋書き
運命の相手探し、再開,0,0,-12649,成田離婚
運命上,0,0,-2078,生き別れ
運命任せ,0,0,-3200,ナシクズシ
運命信者,0,0,-3200,ノンポリ
運命的に出会う,0,0,-7408,出くわす
運転手さん,0,0,-4472,運ちゃん
過保護,0,0,-2078,スルー
過去に想いを馳せる女子,0,0,-14593,歴女
過去の遺産,0,0,-4472,粗大ごみ
道でお声がけいただくの,0,0,-14593,キャッチ
道に落ちてる一円玉,0,0,-10800,ビタイチモン
達人,0,0,-1131,変質者
違いが分からない,0,0,-9050,相似
違います,0,0,-3200,チャウワ
違うわ、聞いて,0,0,-7408,ノンノン
遠い国の人々,0,0,-5878,ゲルマン
遠い国へ旅立つ時の手紙,0,0,-14593,遺書
遠くから合コンに来た女性,0,0,-16627,コロンブス
遠くがよく見えるおめめ,0,0,-14593,老眼
遠吠え,0,0,-2078,逆恨み
選手交代する,0,0,-5878,乗っ取る
避けたい会社,0,0,-5878,ブラック企業
部長,0,0,-1131,窓際族
酒豪,0,0,-1131,飲んだくれ
酒豪を目指すサークル,0,0,-12649,飲みサー
醸し出すオーラのみイケメン,0,0,-18748,雰囲気イケメン
重ねられたジョーク,0,0,-10800,裏切り
野性むき出し,0,0,-5878,ガサツ
金粉,0,0,-1131,ノコクズ
金銭感覚がしっかりしてる,0,0,-16627,ケチ
金魚のフンになりきる,0,0,-12649,ツキマトウ
針でつつかれる感じ,0,0,-10800,イタイ
鉄道が彼氏の子,0,0,-7408,鉄子
録音再生機器,0,0,-5878,テープレコーダー
開封困難なおつまみ,0,0,-10800,チーカマ
開放感でいっぱい,0,0,-9050,破れかぶれ
間違った場所での行い,0,0,-12649,誤爆
間違った愛し方,0,0,-7408,逆なで
関係ある人みんな,0,0,-9050,双方
限りなく黒に近い白,0,0,-10800,チャコールグレー
限度ってものがない,0,0,-10800,底なし
陽気,0,0,-1131,陰険
雨の日の妖精,0,0,-5878,ナメクジ
雰囲気,0,0,-2078,バイブス
雰囲気かわいらしい,0,0,-10800,ポチャカワ
雲ひとつない澄みきった青空,0,0,-18748,ピーカン
電子メール不備チェックシステム,0,0,-23237,メーラーデーモン
電話をワンコールで切ること,0,0,-18748,ワンコ
霧を晴れやかに,0,0,-7408,手探り
青春の中に生存,0,0,-7408,中二病
青春の味,0,0,-3200,ミカン
青春の庭,0,0,-3200,学校
青春の衣装,0,0,-4472,セーラー服
青空の下に設置,0,0,-7408,野ざらし
青空の元でお仕事,0,0,-9050,土方
静かに、爽やかに,0,0,-9050,ソヨソヨ
非常におモテになる方,0,0,-12649,女たらし
非常にとてもベリー,0,0,-10800,スッゲー
非常にフサフサ,0,0,-7408,ドフサ
非常に優れた検索エンジン,0,0,-16627,グーグルセンセイ
非常に多いさま,0,0,-7408,バーゲンセール
非常に役立つ,0,0,-5878,使えね
非常に興味深い,0,0,-7408,トンチンカン
非常に魅力的,0,0,-5878,ヤヴァイ
非日常への旅,0,0,-5878,映画
面白い,0,0,-2078,草生えた
面白い物語をしゃべる,0,0,-12649,ホラヲフク
面白くなる余地がある,0,0,-12649,クソツマンナイ
面食い,0,0,-2078,ビーセン
音域ハイエスト,0,0,-7408,ソプラノ
音楽集団,0,0,-3200,バンド
頂戴,0,0,-1131,ネコババ
頂戴する,0,0,-3200,スッパヌク
順調に進む,0,0,-4472,捗る
順風満帆ではない,0,0,-9050,辛い
頑丈な精神で,0,0,-5878,ノコノコト
頑張った,0,0,-3200,疲れた
頑張ってあなたに寄り添って考えても,0,0,-28037,ヒイキメニミテモ
頑張る,0,0,-2078,勝つ
頑張るわ,0,0,-3200,カンガル
頑張るキモチ,0,0,-5878,気合い
頑張ればなんとかできそう,0,0,-16627,無理
頭からデリート,0,0,-7408,帳消し
頭がよろしい,0,0,-5878,アクドイ
頭がエクストリーム,0,0,-10800,賢い
頭に浮かぶ像,0,0,-5878,印象
頭に獅子座流星群,0,0,-9050,チンプンカンプン
頭のいい,0,0,-3200,コザカシイ
頭の中から追放,0,0,-7408,ソッチノケ
頭の中がピーヨピヨ,0,0,-10800,ゲシュタルト崩壊
頭の中が快晴,0,0,-5878,能天気
頭の先からつま先まで,0,0,-12649,ソックリ
頭ナデナデする,0,0,-7408,ナジル
頭脳派,0,0,-2078,低脳
頼りにしてる,0,0,-5878,役に立つ
頼りになるお爺様,0,0,-9050,イクジイ
頼りになる役者さん,0,0,-10800,スタントマン
頼りになる男性,0,0,-7408,雪男
顔を見るだけでも幸せ,0,0,-12649,面憎い
願いを託す板,0,0,-5878,絵馬
風が吹くまま,0,0,-5878,チャランポラン
風とお散歩,0,0,-4472,サイクリング
風になる,0,0,-3200,急ぐ
風情がある,0,0,-4472,ボロイ
風通し,0,0,-2078,融通
颯爽と失礼,0,0,-4472,素通り
飛翔入手,0,0,-3200,フラゲ
飛躍のための息抜き,0,0,-10800,サボリ
食にこだわりを持っている,0,0,-16627,意地汚い
食べる意欲,0,0,-4472,食い意地
食事中の演奏者,0,0,-7408,クチャラー
香り高い,0,0,-3200,臭い
香り高い人間の制作物,0,0,-12649,大便
香水の香りを周囲に振りまく女性,0,0,-23237,コスメティックバイオレンス
騎士,0,0,-1131,ボディガード
驚かされた,0,0,-4472,度肝を抜かれた
驚くべき非日常,0,0,-7408,事件
骨抜きになる可愛さ,0,0,-10800,キュート
髪がサラサラになる魔法,0,0,-14593,シャンプー
髪の毛が乱れている,0,0,-10800,与謝野る
魅力的な女性,0,0,-5878,ヤリマン
魅力的な男性,0,0,-5878,ヤリチン
魔法,0,0,-1131,超能力
魔法のように,0,0,-5878,テキパキ
魔法のメガネ,0,0,-5878,老眼鏡
魔法の絵具,0,0,-4472,アイシャドー
鳥の巣まゆげ,0,0,-5878,ゲジ眉
麗しいお腹,0,0,-4472,ドテッパラ
麗しい言葉たち,0,0,-7408,罵詈雑言
麗しきレディ,0,0,-5878,干物女
麗しゅうあのお方,0,0,-9050,アノヤロー
黄みどり色のスイーツ,0,0,-12649,レタス
黄色いかわいい爆弾,0,0,-10800,レモン
黄色いごちそう,0,0,-7408,バナナ
鼓動の音漏れ,0,0,-5878,胸キュン
鼻高々になる,0,0,-5878,ノサバル
（。∀°）,0,0,-4472,アヘガオ
（いいわけの予定）,0,0,-10800,別件
（お昼寝したい）,0,0,-9050,ホゲホゲ
（この先はひ・み・つ♡）,0,0,-16627,アールワイ
（ニヤリ）,0,0,-4472,ザマミロ
（自信ないです）,0,0,-9050,（震え声）
（興奮時の呼吸音）,0,0,-10800,ハスハス
１周回って美しい,0,0,-9050,汚らわしい
１０対１０の合コン,0,0,-10800,関ヶ原
１０本足の天使,0,0,-7408,イカ
１００万ドルのデートスポット,0,0,-20953,夜景
２人以上で楽しむ問いと答え,0,0,-18748,クイズ
４８時間前,0,0,-4472,オトトイ
ﾙﾝ((p*'v`*q))ﾙﾝ,0,0,-23237,ルンルン
ﾙﾝ♪ o(≧▽≦)o ﾙﾝ♪,0,0,-23237,ウィイィイィイイィイ
